CompanyName,Website,Industry,Country,Company Description,DateVictimised,NumViews (of threat),RansomDataSize,RansomDataType,RansomwareGroup
Software Engineering Associates,www.seadeo.com,Business Services, United States,Software Engineering Associates.,31/8/24,6368,18,"['PII', 'Customer and Client Data', 'Financial Data']",Play
Precom,www.precom-inc.com,Telecommunications, United States,"Based in Boise, Idaho and serving the Northwest since 1993, Precision Communications dba PRECOM is a locally woman owned and operated voice and data communications company. PRECOM has earned a reputation for building industry leading communication technologies from small businesses to large enterprises.",30/8/24,6765,28,"['PII', 'Customer and Client Data', 'Financial Data']",Play
Microchip Technology,www.microchip.com,Electronics Manufacturing, United States,"Microchip Technology Incorporated is a leading provider of smart, connected and secure embedded control solutions. Its easy-to-use development tools and comprehensive product portfolio enable customers to create optimal designs, which reduce risk while lowering total system cost and time to market.",29/8/24,6706,,"['PII', 'Customer and Client Data', 'Employee and HR data', 'Financial Data']",Play
Policy Administration Solutions,www.pasolutions.com,Insurance, United States,"Founded in 1996, Policy Administration Solutions specializes in state-of-the-art automation solutions for insurance carriers, sureties and large Managing General Agents (MGAs)",26/8/24,7655,31,"['PII', 'Customer and Client Data', 'Financial Data']",Play
RCG,www.rcg-llc.com,Real Estate, United States,RCG Corporate is a company that operates in the Real Estate industry.,26/8/24,7709,345,"['PII', 'Customer and Client Data', 'Financial Data']",Play
Armour Coatings,www.armourcoatings.com,Textile Manufacturing, United States,"Founded in 2003 and located in Germantown Wisconsin, Armour Coatings is a multi-metal job shop custom powder coater and sandblaster. Armour Coatings operates from a 45,000 sq. ft. facility that employs the latest technologies for part cleaning, powder delivery and curing of finishes.",26/8/24,7824,42,"['PII', 'Customer and Client Data', 'Financial Data']",Play
The SMS Group,www.thesmsgroup.com,Information Technology & Services, United States,"Established in 1988, The SMS Group embarked on its journey with a dedicated team focused on delivering systems integration solutions to local manufacturing businesses within a fifty-mile radius of Sidney, Ohio. Over the years, our reach has expanded, and today we proudly serve businesses worldwide. Recognized as a leader in data collection integration, we tackle customer challenges through a combination of network expertise, custom software and solutions, adaptable for both mobile and traditional devices.",26/8/24,7634,,"['PII', 'Customer and Client Data', 'Employee and HR data', 'Financial Data']",Play
Erie Meats,www.eriemeats.com,Food Production, Canada,"For over 45 years, Erie Meats have made delicious feel good food for Canadian Families. Our history, disciplined entrepreneurial drive, passion, and vision for the future sets us apart. Erie Meats is a privately owned & operated Canadian company with headquarters in Mississauga, Ontario and processing facilities in both Mississauga and Listowel, Ontario.",19/8/24,9210,397,"['PII', 'Customer and Client Data', 'Financial Data']",Play
CinemaTech,www.mycinematech.com,Design Services, United States,"CinemaTech, Inc. continues to be recognized as the unparalleled leader in high-end, home theater seating. Along with this well-earned distinction, CinemaTech has expanded over the years to provide additional theater products to the most discriminating of customers. CinemaTech, Inc. provides a complete aesthetic solution to luxury home theaters.",19/8/24,9223,26,"['PII', 'Customer and Client Data', 'Financial Data']",Play
Adina Design,www.adinareyter.com,Interior Design, United States,Jewelry & Watch Retail,19/8/24,9133,17,"['PII', 'Customer and Client Data', 'Financial Data']",Play
Air International Thermal Systems,www.ai-thermal.com,Motor Vechicle Manufacturing, United States,"Air International Thermal Systems has been keeping people cool and comfortable since 1967. We design, develop and supply high quality, high value thermal systems to automotive OEM's across four continents. We deliver heating ventilation & air conditioning (HVAC), power-train cooling (PTC), and electric & hybrid vehicle battery thermal management (BTM) systems.",19/8/24,9169,164,"['PII', 'Customer and Client Data', 'Financial Data']",Play
Parker Development Company,www.parkerdevco.com,Housing and Community Development, United States,Parkers Developers is a construction company.,19/8/24,9171,42,"['PII', 'Customer and Client Data', 'Financial Data']",Play
Mill Creek Lumber,www.millcreeklumber.com,Wholesale Building Materials, United States,Mill Creek Lumber core business is furnishing framing exterior envelope and complete millwork packages to new residential construction and light commercial.,16/8/24,9073,167,"['PII', 'Customer and Client Data', 'Financial Data']",Play
Grid Subject Matter Experts,www.gridsme.com,Utilities, United States,GridSME - Grid Subject Matter Experts - Facilitating Change in Our Industry The electric industry is undergoing change at an unprecedented rate.,18/8/24,6763,,"['PII', 'Customer and Client Data', 'Employee and HR data', 'Financial Data']",Play
TelPro,www.telpro1.com,Telecommunications, United States,"TelPro, Inc. is a technology firm that provides consulting, design, project management, system integration, installation and operations for data centers, engineering labs, industrial, warehousing, retail space, education, hospitality, campus, healthcare, and enterprise office environments. TelPro was founded in 1980 and deploys a large variety of services including architecture, electrical, mechanical, commissioning, fire protection, system monitoring, network cabling infrastructures, wireless LANâs and VoIP telephony.",16/8/24,9346,228,"['PII', 'Customer and Client Data', 'Financial Data']",Play
Nilorngruppen AB,www.nilorn.com,Textile Manufacturing, Sweden,"Attractive labelling solutions, hangtags that convey visual identity, and exclusive packaging â with us, the possibilities are endless. We design and produce customised labels, hangtags, packaging and information labels according to your specific requirements.",15/8/24,9738,288,"['PII', 'Customer and Client Data', 'Financial Data']",Play
Credible Group,crediblegroup.com,Furniture and Home Furnishings Manufacturing, Canada,Credible Group has an extensive client list from The United Nations to world-class hotels like MGM dotting the Las Vegas strip; the brand has built an international presence in its 25 years of operation. The brand has worked with some of the most notable designers to create pieces that stand out and built to last due to the teamâs extensive engineering background and great awareness of how people and environmental factors interact with each of their pieces.,15/8/24,9733,205,"['PII', 'Customer and Client Data', 'Financial Data']",Play
KinetX,www.kinetx.com,Defense & Space, United States,"KinetX is the first commercial company to provide mission design and navigation services for NASAâs deep space missions by bringing winning solutions to our partnerâs competitive mission proposals. KinetX is also a world leader in the innovative design, development and operation of complex systems of spacecraft and telecommunications systems.",11/8/24,10356,31,"['PII', 'Customer and Client Data', 'Financial Data']",Play
Granit Design,www.granitdesign.com,Construction, Canada,"Granit Design is the largest North American manufacturer of natural stone, quartz and ultra-compact surface made-to-measure projects.",11/8/24,10331,69,"['PII', 'Customer and Client Data', 'Financial Data']",Play
True Blue Environmental,www.trueblueenvironmental.com,Enviromental Services, United States,"At True Blue we are committed to providing quality remediation and civil construction services throughout the Northeast by offering safe, competitive, reliable, efficient and friendly service to our clients. We specialize in environmental remediation, building demolition, hazardous materials removal, site construction, UST removal and replacement and wetlands restoration with a special emphasis on manufactured gas plant sites.",11/8/24,10333,69,"['PII', 'Customer and Client Data', 'Financial Data']",Play
Alternate Energy,www.alternateenergyhawaii.com,Renewables & Environment, United States,"Founded in 1993 by the Ekimura Family, Alternate Energy, Inc. has been growing slowly and steadily for more than 30 years, becoming a front-runner in Hawaii's renewable energy revolution. AEI is driven by the knowledge that more renewable and energy efficiency installations, like solar, means less dependence on expensive oil and electricity. Solar allows Hawaii families and businesses to keep more of their hard-earned dollars.",11/8/24,10206,169,"['PII', 'Customer and Client Data', 'Financial Data']",Play
OfficeOps,www.officeops.com,IT Services and IT Consulting, United States,"OfficeOps is a nationwide provider of business software and consulting services, delivering exceptional enterprise value through effective technology implementation. OfficeOps applies its industry knowledge and best practices philosophy to provide ERP, B2B eCommerce and technology solutions throughout the United States. As a Microsoft Certified Partner,",29/7/24,12814,12,"['PII', 'Customer and Client Data', 'Financial Data']",Play
Odyssey Fitness Center,www.odysseyfitnesscenter.com,Wellness and Fitness Services, United States,Odyssey Fitness Center is a company that operates in the Fitness & Dance Facilities industry.,29/7/24,12778,15,"['PII', 'Customer and Client Data', 'Financial Data']",Play
Golden Business Machines,www.goldenbusiness.com,Retail Office Equipment, United States,"The Document Efficiency Specialists Golden Business Machines, Inc. (GBM), is a leading provider of copier, fax, computer, printer, scanner, document management, and networking solutions to large, medium, and small organizations throughout Northeastern and Central Pennsylvania as well as the Lehigh Valley.",29/7/24,12744,,"['PII', 'Customer and Client Data', 'Employee and HR data', 'Financial Data']",Play
Gendron & Gendron,www.gendroncorp.com,Construction, United States,"When you think of commercial construction companies in the Lewiston-Auburn area, you probably think of Gendron & Gendron. We are a well-known and well-respected commercial construction company located in Lewiston, Maine, and we serve the local communities as well as the wider area of Southern Maine, traveling as far as 50 miles for our projects. The Gendron family has been a significant real estate owner, developer, and contractor in the Lewiston-Auburn area since 1971, when it was co-founded by Del Gendron.",29/7/24,12649,107,"['PII', 'Customer and Client Data', 'Financial Data']",Play
Gateway Extrusions,www.gwextrusions.com,Wholesale Building Materials, United States,"Gateway Extrusions offers a wide range of aluminum extrusion services, from design through production, finishing and packaging, to the residential and commercial building and industrial product markets.",29/7/24,12559,126,"['PII', 'Customer and Client Data', 'Financial Data']",Play
Williams Construction,www.williamsconst.com,Construction, United States,"Founded in 1980, Williams Construction Company has a rich history of serving clients across America. As a family-owned design-build construction firm, we pride ourselves on delivering superior customer service and satisfaction.",29/7/24,12567,113,"['PII', 'Customer and Client Data', 'Financial Data']",Play
Compact Mould,www.compactmould.com,Plastics Manufacturing, Canada,"Compact Mould Ltd. is a Canadian-based manufacturer of high quality Extrusion Blow Molds, Stretch Blow Molds, and Injection Stretch Blow molds. We can offer a full range of services, including preform and bottle design, mold design, prototype tooling, high volume production tooling, as well as mold repairs, maintenance and modifications.",29/7/24,12566,,"['PII', 'Customer and Client Data', 'Employee and HR data', 'Financial Data']",Play
The Computer Merchant,www.itstaffing.com,Business Services, United States,"The Computer Merchant, LTD.The Computer Merchant, Ltd. offers technology and enterprise staffing services.",29/7/24,12647,160,"['PII', 'Customer and Client Data', 'Financial Data']",Play
MIPS Technologies,www.mips.com,Electronics Manufacturing, United States,"MIPS is a compute IP company with more than two decades of experience. Breaking down the barriers of closed and in-flexible architectures, MIPS designs efficient and configurable compute Cores for automotive, data center and embedded systems.",19/7/24,14203,68,"['PII', 'Customer and Client Data', 'Financial Data']",Play
Hayden Power Group,www.haydenpower.com,Contruction, United States,"To be the Employer and Contractor of Choice by safely providing the best electrical services in the industry, creating successful projects with highly skilled, committed, and engaged teams, focused on excellent employee and customer satisfaction.",19/7/24,14128,68,"['PII', 'Customer and Client Data', 'Financial Data']",Play
Congoleum,www.congoleum.com,Manufacturing, United States,"Congoleum, founded in 1886 and headquartered in Mercerville, NJ, develops and manufactures residential and commercial flooring products.",22/7/24,13198,278,"['PII', 'Customer and Client Data', 'Financial Data']",Play
T P C I,www.tpicorp.com,Construction, United States,"TPI Corporation is a U.S. based privately held manufacturer that offers heaters, fans, lights, controls, and process heat.",13/7/24,15605,839,"['PII', 'Customer and Client Data', 'Financial Data']",Play
The 21st Century Energy Group,www.21stcenturyenergygroup.com,Utilities, United States,"The 21st Century Energy Group Delivers and Services Lawrence, Mercer, Crawford, Erie, Beaver, Allegheny, Westmoreland, Somerset, Butler, Armstrong.",18/7/24,15375,54,"['PII', 'Customer and Client Data', 'Financial Data']",Play
Texas Electric Cooperatives,www.texas-ec.org,Oil and Gas, United States,TEC was established in 1941 as a coalition of electric cooperatives formed to have greater bargaining leverage with power suppliers.,18/7/24,15353,280,"['PII', 'Customer and Client Data', 'Financial Data']",Play
Hyperice,www.hyperice.com,Utilities, United States,Manufacturer of equipment for athletes.,16/7/24,15201,27,"['PII', 'Customer and Client Data', 'Financial Data']",Play
Fareri Associates,www.fareriassociates.com,Real Estate, United States,"Fareri Associates, LP is a highly-regarded, well-established, developer, owner and manager of fine commercial and residential real estate in New York.",11/7/24,16569,76,"['PII', 'Customer and Client Data', 'Financial Data']",Play
Prairie Athletic Club,www.prairieathletic.com,Hospitality, United States,"Prairie Athletic Club is Wisconsins largest single recreational fitness club with over 200,000 sq. feet of facilities.",11/7/24,16561,139,"['PII', 'Customer and Client Data', 'Financial Data']",Play
Innerspec Technologies,www.innerspec.com,Software, United States,"Founded in 1989, Innerspec Technologies designs, manufactures, and commercializes non-destructive testing systems using proprietary technology.",11/7/24,16535,216,"['PII', 'Customer and Client Data', 'Financial Data']",Play
INDA's,www.inda.org,Membership Organizations, United States,"INDA, the Association of the Nonwoven Fabrics Industry, serves hundreds of member companies in the nonwovens/engineered materials industry to achieve business growth. Since 1968, INDA helps members convene and connect, innovate and develop their businesses.",11/7/24,16578,87,"['PII', 'Customer and Client Data', 'Financial Data']",Play
Texas Recycling,www.texasrecycling.com,Non-profict Organizations, United States,"Family-owned and operated business for 25+ years in the DFW area. Recyclers of paper, metals, corrugated, industrial plastic and electronics.",11/7/24,16541,,"['PII', 'Customer and Client Data', 'Employee and HR data', 'Financial Data']",Play
Elyria Foundry,www.elyriafoundry.com,Paper and Forest Product Manufacturing, United States,"Elyria Foundry and Hodge Foundry's top engineering experts partner with you on solutions-based design and development. We have the process documentation in place to make high quality, repeatable parts, and we have the overall capacity to meet your needs.",14/7/24,16513,70,"['PII', 'Customer and Client Data', 'Financial Data']",Play
Custom Concrete,www.customconcrete.com,Construction, United States,"Custom Concrete has been creating foundations for the finest homes, commercial buildings and industrial facilities throughout Central Indiana since 1969. Builders, contractors and homeowners depend on our expertise because so much depends on getting it right.",26/6/24,18561,417,"['PII', 'Customer and Client Data', 'Financial Data']",Play
ProMotion Holdings,www.promotionholdings.com,Legal Services, United States,"ProMotion Holdings Global, Inc. is a provider of communications consulting and content technology solutions for corporate, non-profit, and legal ma rkets. The company combines technology with talent to provide unique creative solutions for clients.",26/6/24,18641,56,"['PII', 'Customer and Client Data', 'Financial Data']",Play
RRCA Accounts Management,www.rrcaaccounts.com,Finance, United States,"RRCA Accounts Management, Inc., is a full-service collection agency serving businesses along the Lincoln Highway between DeKalb, Illinois, and Clin ton, Iowa. We have been successful in the collection business since 1979, offering a full range of collection services including an in-house attorney.",26/6/24,18402,40,"['PII', 'Customer and Client Data', 'Financial Data']",Play
Bunger Steel,www.bungersteel.com,Construction, United States,"Bunger Steel, Inc is a privately held corporation. Established 1974, since conception Bunger Steel, Inc. has been family owned and operated. Today, Bunger Steel is Arizona's largest steel building and components vendor and has over 40,000 projects constructed in the Southwest United States.",26/6/24,18345,131,"['PII', 'Customer and Client Data', 'Financial Data']",Play
World inquest,www.inquesttechnologies.com,Software Development, United Kingdom,World inquest Ltd is a company that operates in the Computer Software industry.,28/6/24,18382,35,"['PII', 'Customer and Client Data', 'Financial Data']",Play
Hedrick Brothers Construction,www.hedrickbrothers.com,Construction, United States,"Hedrick Brothers Construction provides pre-construction, general contracting, construction management, and design-build services for luxury residen tial, commercial, municipal, industrial, and educational markets.",28/6/24,18390,296,"['PII', 'Customer and Client Data', 'Financial Data']",Play
Belle Tire,www.belletire.com,Retail, United States,"Belle Tire is an American tire, wheel and automotive service retailer.The company is headquartered in Allen Park, Michigan and was founded in 1922.",28/6/24,18321,549,"['PII', 'Customer and Client Data', 'Financial Data']",Play
Harvey Construction,www.harveyconst.com,Contruction, United States,Harvey Construction Co Inc is a company that operates in the Construction industry.,28/6/24,18328,10,"['PII', 'Customer and Client Data', 'Financial Data']",Play
TPI,www.tpicorp.com,Manufacturing, United States,"TPI Corporation is a U.S. based privately held manufacturer that offers heaters, fans, lights, controls, and process heat. The company is currently headquartered in Johnson City, TN.",28/6/24,18315,839,"['PII', 'Customer and Client Data', 'Financial Data']",Play
Shinnick & Ryan,www.srfirms.com,Legal Services, United States,The attorneys and staff at Shinnick & Ryan LLP have dedicated their careers to resolution of construction and design deficiency cases on behalf ofhomeowners.,18/6/24,20444,632,"['PII', 'Customer and Client Data', 'Financial Data']",Play
Chroma Color,www.chromacolors.com,Manufacturing, United States,Chroma Color Corporation is a specialty color and additive concentrate supplier serving the global plastics marketplace.,18/6/24,20452,168,"['PII', 'Customer and Client Data', 'Financial Data']",Play
Peterbilt of Atlanta,www.peteatlanta.com,Finance, United States,Chroma Color Corporation is a specialty color and additive concentrate supplier serving the global plastics marketplace.,18/6/24,20375,99,"['PII', 'Customer and Client Data', 'Financial Data']",Play
Great Lakes International Trading,www.glit.com,Retail, United States,"Great Lakes International Trading first opened its doors in Traverse City, Michigan, as a full service import & export company specializing in processed fruits, edible seeds, and shell nuts.",18/6/24,20121,15,"['PII', 'Customer and Client Data', 'Financial Data']",Play
Eagle Materials,www.eaglematerials.com,Manufacturing, United States,"Eagle Materials manufacturers, distributes, and sells gypsum wallboard, cement, recycled paperboard, and concrete and aggregates.",16/6/24,20071,384,"['PII', 'Customer and Client Data', 'Financial Data']",Play
Brainworks Software,www.brainworks.com,Software Development, United States,"Software Development, Software General, Media and Entertainment, Application Software, Software, Social Media, Business Productivity Software, Internet Services",18/6/24,20067,48,"['PII', 'Customer and Client Data', 'Financial Data']",Play
3GL Technology Solutions,www.3gl.ca,Business Services, Canada,"3GL still provides all the services, preventative maintenance, hosting, and disaster recovery that you would expect from an elite technology company.",18/6/24,20045,265,"['PII', 'Customer and Client Data', 'Financial Data']",Play
Goodman Reichwald-Dodge,www.freightbillauditor.com,Customer Services, United States,Goodman Reichwald-Dodge Inc is a company that operates in the Logistics and Supply Chain industry.,19/6/24,20079,7,"['PII', 'Customer and Client Data', 'Financial Data']",Play
Western Mechanical,www.westmech-hvac.com,Construction, United States,"Western Mechanical, Inc. is proud of their service to the residential community. Not only do we do new construction, but we provide 24 hour emergency service and support thorughout our service area.",19/6/24,20074,11,"['PII', 'Customer and Client Data', 'Financial Data']",Play
Seagulf Marine Industries,www.seagulf.com,Transportation, Canada,Seagulf is the authorized distributor for Castrol Marine in Eastern Canada. We keep a wide range of products in inventory.,19/6/24,20043,65,"['PII', 'Customer and Client Data', 'Financial Data']",Play
Kinter,www.kinter.com,Manufacturing, United States,"Kinter is a distributor of quality metal and plastic fasteners, hanging hardware & accessories, display components and more.",17/6/24,19660,215,"['PII', 'Customer and Client Data', 'Financial Data']",Play
Corbin Turf & Ornamental Supply,www.corbinturf.com,Cosumer Services, United States,"Corbin Turf & Ornamental Supply, Inc. is a leading turf and ornamental distributor in the Southeast headquartered in Greenville, SC. Known for developing close relationships with both customers and vendors, our company provides professional fertilizers, fungicides, herbicides, insecticides, seed, and accessories to a variety of industries.",17/6/24,19486,161,"['PII', 'Customer and Client Data', 'Financial Data']",Play
Air Cleaning Specialists,www.aircleaningspecialists.com,Construction, United States,"For over 40 years, Air Cleaning Specialists, Inc., has been providing indoor air quality solutions for industrial and commercial applications. We began in 1979 by selling and servicing Smokeeters for tobacco applications and have since grown exponentially into an internet marketing company with solid US distribution capabilities.",17/6/24,19484,249,"['PII', 'Customer and Client Data', 'Financial Data']",Play
Diverse Technology Industrial,www.dtindustrialflooring.com,Construction, United States,"Diverse Technology Industrial specializes in quality concrete solutions for all your exterior challenges. Flooring systems can be used for a variety of applications to achieve specific performance criteria, an aesthetic appearance or a combination of both.",17/6/24,19429,319,"['PII', 'Customer and Client Data', 'Financial Data']",Play
City Builders,www.citybuilders.com,Construction, United States,City Builders offers an array of high quality products for your home that we truly believe are the best in the industry.,17/6/24,19416,18,"['PII', 'Customer and Client Data', 'Financial Data']",Play
Refcio & Associates,www.rrlaw.ca,Legal Services, Canada,"Robinson & Refcio is a local London law firm that focuses on providing quality, cost-effective legal services to small and medium size businesses in the London area and throughout the Province.",17/6/24,19367,123,"['PII', 'Customer and Client Data', 'Financial Data']",Play
Aldenhoven,www.aldenhoven.nl,Finance, Netherlands,Aldenhoven Interieurwerken makes custom furniture and complete interiors.,17/6/24,19434,61,"['PII', 'Customer and Client Data', 'Financial Data']",Play
Amarilla Gas,www.amarillagas.com,Utilities, Argentina,"Amarilla Gas is a company with national capital, in continuous expansion of its Liquefied Petroleum Gas (LPG) marketing systems.",17/6/24,19341,250,"['PII', 'Customer and Client Data', 'Financial Data']",Play
Ab Monsteras Metall,www.monsterasmetall.se,Transportation, Sweden,Ab Monsteras Metall is a company that operates in the Wholesale industry.,17/6/24,19332,29,"['PII', 'Customer and Client Data', 'Financial Data']",Play
Me Too Shoes,www.metooshoes.com,Manufacturing, United States,"For nearly 20 years, ...me Too has stood out in the industry by fulfilling a tall order: shoes that are stylish, comfortable and high quality.",17/6/24,19367,249,"['PII', 'Customer and Client Data', 'Financial Data']",Play
Celluphone,www.celluphone.com,Telecommunications, United States,"Celluphone, Inc. is engaged in the wholesale distribution of wireless equipment. It offers smartphones, feature phones, Internet devices, and accessories; online tools for large retail chains; and personal support services.",17/6/24,19387,93,"['PII', 'Customer and Client Data', 'Financial Data']",Play
Walder Wyss and Partners,www.wwp.ch,Retail,  Switzerland,Walder Wyss and Partners is a company that operates in the Legal Services industry.,17/6/24,19428,46,"['PII', 'Customer and Client Data', 'Financial Data']",Play
Ntv,www.ntv.ca,Media and Internet, Canada,"NTV is headquartered in St. John's, Newfoundland and Labrador, Canada, the easternmost tip of North America. NTV is independently owned and operated and is broadcast in HD.",2/6/24,22001,48,"['PII', 'Customer and Client Data', 'Financial Data']",Play
WALSER AUTOMOTIVE GROUP,www.walser.com,Retail, United States,"Walser Automotive Group has been family-owned and operated in Minnesota for over 65 years, where we pioneered our âBest Price Firstâ philosophy; we offer the lowest price we can on every vehicle from the start, no hassle or haggle required.",2/6/24,21959,469,"['PII', 'Customer and Client Data', 'Financial Data']",Play
Elmhurst Group,www.elmhurstgroup.com,Real Estate, United States,"The Elmhurst Group of companies is a 45-year-old Pittsburgh-based organization that invests in commercial real estate and the hospitality industry. Elmhurstâs real estate holdings include 40 buildings on 21 sites, totaling more than three million square feet of office, distribution, flex, and hotel space. Elmhurstâs long-term strategy is to continually increase the value of each of its properties by providing strong and dedicated management and exceptional customer service.",2/6/24,21893,79,"['PII', 'Customer and Client Data', 'Financial Data']",Play
FPL Food,www.fplfood.com,Manufacturing, United States,"Founded in 2004 and headquartered in Augusta, Georgia, FPL Food, LLC produces and processes beef products. The Company offers beef tenderloin, ribeye, striploin, brisket, boneless shank, cube steak, and sliced knuckle products.",11/6/24,21960,,"['PII', 'Customer and Client Data', 'Employee and HR data', 'Financial Data']",Play
Credit Central,www.creditcentralllc.com,Construction, United States,"Credit Central provides installment loans to qualified Alabama, Georgia, South Carolina, Tennessee, and Texas residents. We also offer free tax preparation, filing, and options for advance tax refund loans.",1/6/24,21869,,"['PII', 'Customer and Client Data', 'Employee and HR data', 'Financial Data']",Play
Levin Porter Associates,www.levin-porter.com,Construction, United States,"Levin Porter Associates Inc. was founded in Dayton, Ohio in 1960. The services of Levin Porter Associates Inc, with its consultants, includes planning, programming, architecture, interior design, cost estimating, engineering and specialized technologies required for a complete project. For over 50 years,",29/5/24,23135,27,"['PII', 'Customer and Client Data', 'Financial Data']",Play
Semicore Equipment,www.semicore.com,Consumer Services, United States,"Semicore is a manufacturer and worldwide supplier of PVD or Physical Vapor Deposition equipment and thermal evaporation systems for the electronics, academics, optical, solar energy and etc.",29/5/24,23041,21,"['PII', 'Customer and Client Data', 'Financial Data']",Play
Visa Lighting,www.visalighting.com,Manufacturing, United States,"Visa Lighting's mission is to forge bold, exceptional experiences through progression and creative collaboration.",28/5/24,23077,127,"['PII', 'Customer and Client Data', 'Financial Data']",Play
Ardenbrook,www.ardenbrook.com,Real Estate, United States,"Ardenbrook, Inc. is one of the San Francisco Bay Area's largest real estate investment companies. The company has over 90 years of combined operational experience and owns or operates numerous properties including office and industrial buildings, shopping centers and apartment complexes. Holdings are in five Western States but primarily in the East Bay.",28/5/24,22979,17,"['PII', 'Customer and Client Data', 'Financial Data']",Play
RDI-USA,www.rdiglobalhospitality.com,Hospitality, United States,"RDI-USA, Inc. was established in 2004 with a vision to create a global sourcing solution for all aspects of the Hospitality Industry. The combination of experience and product development allows us to deliver quality products at low prices. Our products are maintained at the highest level of integrity to meet our Customer's and Brand's standards.",28/5/24,22991,326,"['PII', 'Customer and Client Data', 'Financial Data']",Play
Anchorage Daily News,www.adn.com,Media and Internet, United States,"Based in Anchorage, Anchorage Daily News offers news, features and commentary with a statewide focus.",28/5/24,22995,16,"['PII', 'Customer and Client Data', 'Financial Data']",Play
Experis Technology Group,www.experistg.com,Software, United States,"For the past two decades, Experis Technology Group, Inc. has been integrating the best of breed software and hardware solutions, along with our consulting services to deliver non-stop environments. We provide businesses with secure, high performing, and highly available systems to support mission-critical workloads.",28/5/24,22934,,"['PII', 'Customer and Client Data', 'Employee and HR data', 'Financial Data']",Play
The Louis G Freeman,www.freemancompany.com,Manufacturing, United States,The Louis G Freeman Co is a company that operates in the Machinery industry.,28/5/24,22557,240,"['PII', 'Customer and Client Data', 'Financial Data']",Play
Aspire Tax,www.aspiretax.com,Business Services, United States,"Aspire Tax and Bookkeeping Services is based out of New York, USA and is a trusted accounting partner to a large number of business establishmentsand CPAs in US and Canada, since 2012. With a Better Business Bureau rating of A+, we have created a benchmark in providing cost effective bookkeeping, accounting and taxation services.",28/5/24,22443,297,"['PII', 'Customer and Client Data', 'Financial Data']",Play
Starostwo Powiatowe w Åwiebodzinie,www.samorzad.gov.pl,Government, Poland,Starostwo Powiatowe w Åwiebodzinie is a company that operates in the Government industry.,28/5/24,22475,10,"['PII', 'Customer and Client Data', 'Financial Data']",Play
Tri-state General Contractors,www.tri-stategc.com,Construction, United States,"The Best and Fastest Retail Builders in CA, AZ, NV, HI, ID, UT, WA, OK, NM, TX Incorporated in 2008, Tri State General Contractors specializes in retail and commercial construction with licenses in CA, AZ, NV, HI, ID, UT, OK, NM and TX. In 2013 Dave Mason, Sr. was named President of Tri State General Contractors and brought over 34 years of construction experience to the company.",28/5/24,22459,397,"['PII', 'Customer and Client Data', 'Financial Data']",Play
Ryder Scott Co.,www.ryderscott.com,Construction, United States,"We pride ourselves on providing personal service. Ryder Scott is committed to satisfying the individual needs of its clients. This helps build thelong-term business, professional and personal relationships that are so important in working together toward a common objective.",28/5/24,22460,333,"['PII', 'Customer and Client Data', 'Financial Data']",Play
Badger Tag & Label,www.badgertag.com,Business Services, United States,Badger Tag & Label will continually strive to provide quality products at competitive prices to our customers nationwide and beyond. We believe insmall town values and take customer service very seriously. Our customers know we are a company in the Midwest in whom they can place their trust.,12/5/24,23956,61,"['PII', 'Customer and Client Data', 'Financial Data']",Play
NK Parts Industries,www.nkparts.com,Transportation, United States,"NK Parts Industries is a global supply chain and logistics management company providing a one-vendor supply chain management system that can provide domestic and international logistics, freight forwarding, exporting, warehousing, packaging, manufacturing services.",12/5/24,23912,598,"['PII', 'Customer and Client Data', 'Financial Data']",Play
LiveHelpNow,www.livehelpnow.net,Business Services, United States,"LiveHelpNow offers a full suite of integrated solutions to streamline the ""business to consumer"" customer service process. LiveHelpNow provides award winning solutions for businesses looking to better sell to consumers.",12/5/24,23875,531,"['PII', 'Customer and Client Data', 'Financial Data']",Play
Sentry Data Management,www.sentrydatamgt.com,Business Services, United States,"Sentry is committed to helping our customers handle a variety of information management challenges. The most important of these challenges is our main concern: Privacy. Whether you need important documents stored off-site or a major clean out of old files, you can count on Sentry to always use uncompromising security standards to get the job done efficiently and securely.",13/5/24,24519,52,"['PII', 'Customer and Client Data', 'Financial Data']",Play
KC Scout,www.kcscout.net,Education, United States,KC Scout is a company that operates in the Public Safety industry.,13/5/24,24517,351,"['PII', 'Customer and Client Data', 'Financial Data']",Play
Utica Mack,www.uticamack.com,Transportation, United States,New York's leading heavy duty truck dealerships.,13/5/24,24470,28,"['PII', 'Customer and Client Data', 'Financial Data']",Play
Affordable Payroll & Bookkeeping Services,www.apb-services.com,Finance, United States,"Affordable Payroll & Bookkeeping (APB) is group of Certified Public Accountants, Professional Accountants and Certified Bookkeepers having a combined experience of over decade. APB provides reliable and professional bookkeeping and payroll services to small and mid level business in New York and state of Massachusetts.",13/5/24,24473,29,"['PII', 'Customer and Client Data', 'Financial Data']",Play
Donco Air,www.raymon-hvac.com,Manufacturing, United States,"Raymon-Donco manufactures air distribution equipment for the heating, ventilating and air conditioning industry. We produce a custom line of air diffusers used primarily in commercial buildings. Sales are made through our network of manufacturers' representatives in offices across the United States and Canada.",13/5/24,24494,29,"['PII', 'Customer and Client Data', 'Financial Data']",Play
Somerville,www.somervilleinc.com,Construction, United States,Somerville is a company that operates in the Architecture & Planning industry.,13/5/24,24488,151,"['PII', 'Customer and Client Data', 'Financial Data']",Play
Mauritzon,www.mauritzon.net,Manufacturing, United States,"Spanning Three Centuries, and five generations of family ownership, Mauritzon, Inc. has proudly served hundreds of industries since 1888. The tradition remains strong because the ideals have remained the same... our customer is the most valuable asset we have",14/5/24,24475,12,"['PII', 'Customer and Client Data', 'Financial Data']",Play
High Performance Services,www.hpsllc.us,Telecommunications, United States,We pride ourselves on being able to offer our clients the full range of telecommunication services. We are your project management team who focuseson the wireless telecommunication industry.,14/5/24,24480,192,"['PII', 'Customer and Client Data', 'Financial Data']",Play
Central Florida Equipment,www.centralcivil.com,Construction, United States,"Founded by James Baer in 1977, the family-owned and operated construction company has been involved in laying the foundation for some of South Florida's most notable projects.",14/5/24,24427,155,"['PII', 'Customer and Client Data', 'Financial Data']",Play
Stainless Foundry & Engineering,www.stainlessfoundry.com,Metals & Mining, United States,"Established in 1946 by John McBroom, & headquartered in Milwaukee, Wisconsin, Stainless Foundry & Engineering Inc. (SFE) is a well-established andhighly regarded manufacturer of raw and machined castings in both sand and investment.",5/5/24,24923,366,"['PII', 'Customer and Client Data', 'Financial Data']",Play
Profile Products,www.profileproducts.com,Utilities, United States,"Based in Buffalo Grove, IL, PROFILE Products, LLC offers environmentally sound, site-specific solutions for soil modification, horticultural production, erosion control and plant establishment.",3/5/24,25345,95,"['PII', 'Customer and Client Data', 'Financial Data']",Play
Advanced Business Networks,www.netabn.com,Business Services, United States,Advanced Business Networks is an IT consulting company specializing in providing IT support to small and mid-sized organizations across the Chicagoarea.,3/5/24,25361,304,"['PII', 'Customer and Client Data', 'Financial Data']",Play
Canatal Industries,www.canatal.net,Construction, United States,"Canatal fabricates and fully installs structural steel projects customized to your specifications and schedule; our goal is to exceed your expectations. In a market where fast-track construction projects are increasingly common, where efficiency is paramount and where delays mean a loss of profits, Canatal prides itself in being able to alter the workflow in ingenious and resourceful ways to meet deadlines.",2/5/24,25118,79,"['PII', 'Customer and Client Data', 'Financial Data']",Play
New Hudson Facades,www.newhudsonfacades.com,Construction, United States,"ncorporated in 2014, New Hudson Facades (NHF) is a custom architectural faade company specializing in the design, engineering, manufacturing, andinstallation of facades on world class buildings. NHF partners with leading architects and general contractors to provide innovative and challenging cladding solutions for some of the most architecturally significant projects being built today.",1/5/24,25994,586,"['PII', 'Customer and Client Data', 'Financial Data']",Play
Toolmarts,www.toolmarts.com,Retail, United States,"Toolmarts has been a factory direct distributor of power tools, woodworking equipment and shop machinery since 1986. Toolmarts is headquartered inEscondido, CA",1/5/24,25971,,"['PII', 'Customer and Client Data', 'Employee and HR data', 'Financial Data']",Play
Legislative Bill Drafting Commission,www.lbdc.state.ny.us,Construction, United States,Legislative Bill Drafting Commission is a company that operates in the Government industry.,1/5/24,25899,74,"['PII', 'Customer and Client Data', 'Financial Data']",Play
Yale Mortgage,www.yalemortgage.com,Finance, United States,"ale Mortgage offers mortgage loans to others. It provides information, protection from unauthorized access, verifies identity, andaccount services.",2/5/24,25909,87,"['PII', 'Customer and Client Data', 'Financial Data']",Play
Precision Fluid Controls,www.precisionfluidcontrols.com,Transportation, United States,"Precision Fluid Controls, Inc. designs, manufactures and tests components for launch vehicles and ground support applications-providing many typesof valves including throttling valves, ball valves, check and relief valves, vent and relief valves, pressure reducing, both manual and dome loaded, regulators, sleeve valves, butterfly valves, solenoid valves plus many others.",2/5/24,25924,51,"['PII', 'Customer and Client Data', 'Financial Data']",Play
Original Herkimer Cheese,www.originalherkimercheese.com,Manufacturing, United States,"We like to say that Original Herkimer CheeseÂ® is Where Excellence Is a Tradition, and to us that's personal. We are a 3rd generation family ownedand operated business.",2/5/24,25819,27,"['PII', 'Customer and Client Data', 'Financial Data']",Play
Axip Energy Services,www.axip.com,Utilities, United States,"Axip Energy Services is a provider of contract compression and production equipment, wellpad solutions, and treating facilities to the oil and gasindustry.",2/5/24,25822,129,"['PII', 'Customer and Client Data', 'Financial Data']",Play
Engineered Automation of Maine,www.eaminc.com,Manufacturing, United States,"Engineered Automation of Maine, Inc. designs, manufactures, and services both standard and custom equipment for your unique needs and process.",24/4/24,27474,157,"['PII', 'Customer and Client Data', 'Financial Data']",Play
Pennsylvania Convention Center,www.paconvention.com,Hospitality, United States,"Established in 1950. The Philadelphia Convention & Visitors Bureau (PCVB), a private membership corporation, is the official Tourism Promotion Agency for the City of Philadelphia, and the primary sales and marketing agency for the Pennsylvania Convention Center.",26/4/24,27291,211,"['PII', 'Customer and Client Data', 'Financial Data']",Play
SIS Automatisering,www.sisautomatisering.nl,Business Services, Netherlands,"The technically oriented SIS team complements our own specialists and is fully prepared to support COIN at any time. The fact that COIN has been able to count on Martin and his team for years, and that they provide optimal input when designing technical solutions for our customers, is very valuable to COIN.",24/4/24,27246,216,"['PII', 'Customer and Client Data', 'Financial Data']",Play
Alltruck Bodies,www.alltruckbodies.com.au,Manufacturing, Australia,"Alltruck Bodies manufacture a range of rigid bodies, such as Curtainsiders, Colorbond vans, FRP vans, Trays, Insulated bodies, Freezer bodies and Light Weight bodies.",24/4/24,27232,365,"['PII', 'Customer and Client Data', 'Financial Data']",Play
JE Owens,www.jeowens.com,Accounting, United States,JE Owens & Co is a company that operates in the Accounting industry.,23/4/24,26996,137,"['PII', 'Customer and Client Data', 'Financial Data']",Play
Heritage Cooperative,www.heritagecooperative.com,Membership Organizations, United States,"Founded in 2009, Heritage cooperative provides agricultural products and services to increases the quality of life in the rural communities. They are based in Delaware, Ohio.",16/4/24,28507,297,"['PII', 'Customer and Client Data', 'Financial Data']",Play
The MBTW Group,www.mbtw.com,Construction, Canada,"The MBTW Group is an award winning, multi-disciplinary landscape architecture, urban design and community planning firm located in Midtown Toronto. Our design studio, in business since 1975, has provided design consulting services to an international roster of clients in both private and public sectors",16/4/24,28651,251,"['PII', 'Customer and Client Data', 'Financial Data']",Play
LS Networks,www.lsnetworks.net,Telecommunications, United States,"ounded in 2005, LS Networks serves business, government, healthcare, education and other enterprises with bandwidth and network connectivity. LS Networks is located in Portland, Oregon.",16/4/24,28655,408,"['PII', 'Customer and Client Data', 'Financial Data']",Play
New England Wooden Ware,www.newwpkg.com,Manufacturing, United States,"Founded in 1834 as the E. Murdock Company in Winchendon, Massachusetts we were at one time the largest manufacturer of wooden products and containers in New England. We pride ourselves in over 180 years of craftsmanship and evolving technology.",16/4/24,28551,95,"['PII', 'Customer and Client Data', 'Financial Data']",Play
Access Intelligence,www.accessintel.com,Business Services, United States,"Founded in 1977, Access Intelligence provides clients with business insights and integrated marketing solutions. Access Intelligence is headquartered in Rockville, Maryland.",16/4/24,28570,34,"['PII', 'Customer and Client Data', 'Financial Data']",Play
Theatrixx Technologies,www.theatrixx.com,Manufacturing, Canada,"Theatrixx Technologies distributes and manufactures technical equipment to suit the needs of the performing arts industry.Theatrixx Technologies' product lines are carefully selected based on our rigorous criteria with regards to safety, reliability, sturdiness, quality of construction and manufacturers' solid reputation.",16/4/24,28442,65,"['PII', 'Customer and Client Data', 'Financial Data']",Play
MoldTech,www.moldtechrubber.com,Manufacturing, United States,"Moldtech, Inc. is a leading North American developer and manufacturer of innovative custom rubber molded products.",16/4/24,28357,19,"['PII', 'Customer and Client Data', 'Financial Data']",Play
Feldstein & Stewart,www.feldsteinandstewart.com,Business Services, United States,Feldstein & Stewart LLP provides accounting and tax services to clients in the New York & New Jersey Metropolitan Area.,13/4/24,28394,271,"['PII', 'Customer and Client Data', 'Financial Data']",Play
Everbrite,www.everbrite.com,Manufacturing, United States,"Founded in 1927, Everbrite provides visual identification and LED lighting solutions to companies throughout the world. Headquartered in Greenfield, Wisconsin.",10/4/24,29610,63,"['PII', 'Customer and Client Data', 'Financial Data']",Play
Guy's Floor Service,www.guysfloor.com,Construction, United States,"Guys Floor Service, Inc. was launched by our founder, Guy Routzon, in 1942 from a modest home in downtown Denver. In those early days, Guy got hisstart refinishing hardwood floors in the barracks of the Lowry Air Force Base. Now with two design center locations, three divisions and a high volume fabrication facility, we are proud of our substantial growth and our reputation for excellence within the residential and commercial interior finishing industry.",10/4/24,29627,232,"['PII', 'Customer and Client Data', 'Financial Data']",Play
Sit,www.sitnsleep.com,Retail, United States,"Founded in 1978 and headquartered in Gardena, California, Sit 'n Sleep is a mattress company. The company has several locations where they sell their mattresses as well as other bedding accessories.",10/4/24,29594,192,"['PII', 'Customer and Client Data', 'Financial Data']",Play
Lambda Energy Resources,www.lambdaenergyllc.com,Enviromental Services, United States,"Lambda is the largest producer in Michigan by revenue and oil production volume. Our daily net production exceeds 6000 BOEPD. Lambda operates over850 active oil and gas wells in the Niagaran, Antrim, Richfield, and Prairie du Chien formations.",2/4/24,31383,550,"['PII', 'Customer and Client Data', 'Financial Data']",Play
Lawrence Semiconductor Research Laboratory,www.lsrl.com,Semiconductors, United States,"Lawrence Semiconductor Research Laboratory, Inc. (LSRL) is a privately held corporation, founded in 1992. LSRL supplies custom epitaxial growth asa service for commercial organizations as well as for government and academic use.",4/4/24,31343,496,"['PII', 'Customer and Client Data', 'Financial Data']",Play
Quality Enclosures,www.qualityenclosures.com,Wholesale Building Materials, United States,"Quality Enclosures, Inc. provides the highest quality shower enclosures and tempered glass with unmatched customer service. Consisting of multipletempering and manufacturing facilities, Quality Enclosures is a company devoted to growth across its market, its employees and the communities it services.",2/4/24,31278,23,"['PII', 'Customer and Client Data', 'Financial Data']",Play
Hartz,www.hartz.com,Manufacturing, United States,Hartz is a manufacturer of pet care products with a 91 year history.,2/4/24,31214,655,"['PII', 'Customer and Client Data', 'Financial Data']",Play
Alber Law Group,www.alberlaw.com,Legal Services, United States,Alber Law Group is a Long Island based boutique law firm that provides legal services.,2/4/24,31283,195,"['PII', 'Customer and Client Data', 'Financial Data']",Play
Festspielhaus Baden-Baden,www.festspielhaus.de,Entertainment, Germany,The Festspielhaus Baden-Baden is Germany's largest opera house. Its acoustics are considered one of the best in the world.,2/4/24,31285,580,"['PII', 'Customer and Client Data', 'Financial Data']",Play
Weld Plus,www.weldplus.com,Industrial Automation, United States,Weld Plus has been serving the Cincinnati and Northern Kentucky and all through the Ohio Valley as well as International customers for over 20 years.,2/4/24,31261,,"['PII', 'Customer and Client Data', 'Employee and HR data', 'Financial Data']",Play
JM Thompson,www.jmthompson.com,Construction, United States,JM Thompson Co is a company that operates in the Construction industry.,2/4/24,31253,200,"['PII', 'Customer and Client Data', 'Financial Data']",Play
Tbr Kowalczyk,-,Accounting, Poland,"Accounting, bookkeeping and auditing activities; tax consultancy",2/4/24,31160,48,"['PII', 'Customer and Client Data', 'Financial Data']",Play
Pavilion Construction,www.pavilionconstruction.com,Construction, United States,"At Pavilion Construction, we understand our growth has been fueled by repeat business with satisfied clients. We have emerged as an industry leaderthrough our focus on the client, establishing reputable contracting services at unparalleled standards.",30/3/24,30943,900,"['PII', 'Customer and Client Data', 'Financial Data']",Play
Boingo Graphics,www.boingographics.com,Printing Services, United States,"Boingo Graphics is committed to providing customers with a unique range of complete, scalable, and practical solutions that make sense. Whether youare shopping for graphic design, web sites, integrated direct mail campaigns, variable data printing, commercial printing, trade show graphics, wide format printing or fulfillment - Boingo Graphics has the solution for you.",30/3/24,30871,155,"['PII', 'Customer and Client Data', 'Financial Data']",Play
Premier Technology,www.premiertechnology.net,IT Services and IT Consulting, United States,"Premier Technology: Home, Computer Networking, Computer Repair, Computer Sales, New Used, Consulting, Iowa; Cedar Rapids, Waterloo, Dubuque, Prairie du Chien, Davenport, Jesup, Monona, Fayette, Oelwein, Cascade.",15/3/24,34236,66,"['PII', 'Customer and Client Data', 'Financial Data']",Play
SREE Hotels,www.sree.com,Hospitality, United States,"SREE Hotels founded in 1980 and headquartered in Charlotte, North Carolina, is a hospitality management company providing fully integrated hotel development and management services throughout the Southeast and Midwest.",14/3/24,34183,64,"['PII', 'Customer and Client Data', 'Financial Data']",Play
Bridger Insurance,www.bridgerins.com,Insurance, United States,"Bridger staff is intently focused to launch a new non-standard California auto insurance product by the end of 2017. Deep into the final quarter, the team is knee-deep implementing new operational procedures and systems to greatly improve agents' and policy holders' engagement with the new company.",15/3/24,34142,67,"['PII', 'Databases', 'Customer and Client Data', 'Financial Data']",Play
BiTec,www.bitecsmi.com,Manufacturing, United States,"BITEC is a custom precision machine shop. We use state-of-the-art computer numerically controlled (CNC) machine tools for major applications. We provide specialized products for the aerospace, entertainment, mechanical and medical industries. BITEC was established in 1985. Since then, we have earned a reputation for proficiency and quality.",15/3/24,34119,,"['PII', 'Customer and Client Data', 'Employee and HR data', 'Financial Data']",Play
QI Group,www.qigroup.ca,Mining, Canada,QI Group Ltd is a company that operates in the Retail industry.,15/3/24,34112,120,"['PII', 'Customer and Client Data', 'Financial Data']",Play
Fashion UK,www.fashions-uk.com,Retail, United Kingdom,Fashion UK is a company that operates in the Apparel & Fashion industry.,15/3/24,34073,41,"['PII', 'Customer and Client Data', 'Financial Data']",Play
Grassmid Transport,www.grassmidtransportinc.com,Transportation, United States,"Grassmid Transport Inc. based in Zeeland, MI was founded in 1967. Now operating more than 80 tractors and 200 trailers with 2/3 of our fleet beingrefrigerated and 1/3 being dry vans and step deck trailers. We have accounts with customers running for more than 20 years and keep good relations with all our clients. We haul products like meats, fruits, vegetables, water heaters, and office furniture priding ourselves in on-time and accurate deliveries.",15/3/24,34084,28,"['PII', 'Customer and Client Data', 'Financial Data']",Play
Image Pointe,www.imagepointe.com,Printing Services, United States,Image Pointe is a leading supplier of apparel and promotional items.,15/3/24,34003,95,"['PII', 'Customer and Client Data', 'Financial Data']",Play
Ruda Auto,www.rudaauto.com,Automotive, United States,"Ruda Auto is located in Monroe, Wisconsin, 53566. We offer great deals on new and used vehicles, service and parts.",15/3/24,34106,,"['PII', 'Customer and Client Data', 'Employee and HR data', 'Financial Data']",Play
Canada Revenue Agency,www.zsb.ca,Accounting, Canada,Canada Revenue Agency is a company that operates in the Accounting industry.,15/3/24,34038,43,"['PII', 'Customer and Client Data', 'Financial Data']",Play
Bechtold,www.bechtoldfenster.de,Construction, Germany,Bechtold GmbH & Co is a company that operates in the Retail industry.,15/3/24,34091,53,"['PII', 'Customer and Client Data', 'Financial Data']",Play
Schokinag,www.schokinag.com,Food Production, Germany,"SCHOKINAG manufactures the full range of chocolates and chocolate couvertures, from liquid to solid, in various sizes, shapes and packaging types,as well as liquid compounds.",15/3/24,33876,196,"['PII', 'Customer and Client Data', 'Financial Data']",Play
QEO Group,www.qeo.com,Insurance, United States,"QEO provides commercial transportation insurance products within three broad categories: energy, local delivery, and the construction industry.",13/3/24,33615,82,"['PII', 'Customer and Client Data', 'Financial Data']",Play
MainVest,www.mainvest.com,Finance, United States,MainVest is a community investment platform and Regulation Crowdfunding portal that empowers communities and small business entrepreneurs by allowing everyday Americans to invest in the local businesses they care most about and share in their wealth and success,10/3/24,34566,162,"['PII', 'Customer and Client Data', 'Financial Data']",Play
Continental Aerospace Technologies,www.continental.aero,Wholesale Import and Export, United States,"Continental Aerospace Technologiesâ¢ is a global leader in General Aviation. They are the only company to offer a full range of gasoline and Jet-A engines, as well as avionics services. Continental Aerospace Technologies was founded in 1905 and is based in Alabama, the United States.",9/3/24,34683,475,"['PII', 'Customer and Client Data', 'Financial Data']",Play
FBi Construction,www.fbiconstruction.com,Construction, United States,FBi Construction is made up of dedicated people who believe in giving back to our community. We understand the value of giving our time and resources to help those who need our help the most.,7/3/24,35619,112,"['PII', 'Customer and Client Data', 'Financial Data']",Play
Kool-air,www.kool-air-inc.com,Consumer Services, Canada,"Our talented engineering staff can custom design a system to suit your needs. New products are continually being developed and added to Kool-Air'scatalogue of products. Our state-of-the-art manufacturing plant is located in the city of Delson just outside Montreal, Quebec, Canada.",7/3/24,35693,109,"['PII', 'Customer and Client Data', 'Financial Data']",Play
Influence Communication,www.influencecommunication.com,Communication Services, Canada,"Established in 2001, Influence is Canada's premier news information broker. From its head office in Montreal, Influence conducts media monitoring for the majority of Canada's largest corporations. With its Interactive Communication Environment (ICE) system and network of partners across Canada and in 160 countries, Influence offers comprehensive monitoring, aggregation and analysis of print and broadcast",7/3/24,35637,249,"['PII', 'Customer and Client Data', 'Financial Data']",Play
Coastal Car,www.coastalcar.com,Transportation, United States,"Coastal Car Worldwide utilizes the FAA flight tracker system. This state of the art system tracks private, business, and commercial aircraft so that we can monitor the arrival of your flight, assuring you that no matter when your flight arrives, your vehicle will be waiting for you.",7/3/24,35491,30,"['PII', 'Customer and Client Data', 'Financial Data']",Play
Marketon,www.marketon.com,Business Services, United States,"MARKETON INC., headquartered in El Monte, California, was founded by Constantino Miguel, who moved from his birthplace, Asturias, Spain, to Havana,Cuba in 1958, to work as a salesman with his uncle. Shortly after the Castro revolution, he moved back to Spain, before heading to America in 1968.",7/3/24,35562,44,"['PII', 'Customer and Client Data', 'Financial Data']",Play
Compact Mould,www.compactmould.com,Plastics Manufacturing, Canada,"Compact Mould Ltd. is a Canadian-based manufacturer of high quality Extrusion Blow Molds, Stretch Blow Molds, and Injection Stretch Blow molds. Wecan offer a full range of services, including preform and bottle design, mold design, prototype tooling, high volume production tooling, as well as mold repairs, maintenance and modifications.",7/3/24,35584,375,"['PII', 'Customer and Client Data', 'Financial Data']",Play
Northeastern Sheet Metal,www.nesmco.com,Construction, United States,"NorthEastern Sheet Metal Co., Inc. began in 1995. Our focus is commercial duct system fabrication and installation. We have the capabilities to provide duct systems in a variety of different metal types, such as galvanized steel, stainless steel, aluminum, black iron, and copper.",7/3/24,35687,29,"['PII', 'Customer and Client Data', 'Financial Data']",Play
Red River Title,www.redrivertitle.com,Real Estate, United States,"The Red River Title team is dedicated to going above and beyond for all their clients. Ive bought or sold over 100 properties in the last 15 years, and Red River Title continues to deliver a great experience every time.",7/3/24,35408,41,"['PII', 'Customer and Client Data', 'Financial Data']",Play
Hedlunds,www.hedlundspapper.se,Gifts, Sweden,Hedlunds is a company that operates in the Building Materials industry.,7/3/24,35368,16,"['PII', 'Customer and Client Data', 'Financial Data']",Play
Winona Pattern & Mold,www.winonapattern.com,Strategic Management Services, United States,"At Winona Pattern & Mold we pride ourselves on the strength of our engineering & design department. Each member of our team has over twenty years of CAD design experience and as a company we have been committed to solid modeling software since the early 1990's. Our engineering team excels as a full service, one stop solution for the most complex engineering projects our customers have to offer.",7/3/24,35478,305,"['PII', 'Customer and Client Data', 'Financial Data']",Play
Trans+Plus Systems,www.transplus.io,Software, Canada,Trans Plus Systems Corp. is comprised of software and transportation industry professionals who collectively have over 30 years of experience in the field of transportation software solutions. We have achieved continued growth by meeting and exceeding specialized individual customer needs with quality software products and support.,7/3/24,35161,52,"['PII', 'Customer and Client Data', 'Financial Data']",Play
Powill Manufacturing & Engineering,www.powill.com,Aviation and Aerospace Component Manufacturing, United States,Powill Manufacturing and Engineering Inc. specialize in the manufacture and supply of quality machined parts and sub-assemblies for the aerospace and commercial industries. Powill recognizes and embraces the need for an operational export compliance program.,7/3/24,35228,,"['PII', 'Customer and Client Data', 'Employee and HR data', 'Financial Data']",Play
A&A Wireless,www.aawireless.us,Telecommunications, United States,A&A Wireless providing exceptional telecommunications services,7/3/24,35157,293,"['PII', 'Customer and Client Data', 'Financial Data']",Play
American Nuts,www.americannuts.com,Food and Beverage Manufacturing, United States,"American Nuts is located in heart of the Los Angeles Valley on 12950 San Fernando Road, Sylmar, California 91342. Established in 1988, we are a roaster and manufacturer of domestic and imported nuts and dried fruits.",7/3/24,35223,322,"['PII', 'Customer and Client Data', 'Financial Data']",Play
Skyland Grain,www.skylandgrain.com,Mechanical Or Industrial Engineering, United States,"Skyland Grain LLC, headquartered in Johnson, Kansas is a joint venture that began in 2004 with Johnson Cooperative Grain Co. and ADM Grain Co. Syracuse Cooperative Exchange joined the venture in 2010 Cairo Cooperative Equity Exchange in 2015.",7/3/24,35176,62,"['PII', 'Customer and Client Data', 'Financial Data']",Play
Gilmore & Associates,www.gilmore-assoc.com,Civil Engineering, United States,"Gilmore & Associates, Inc. was founded in 1918 and is based in New Britain, Pennsylvania. The company has emerged as one of the regions most dynamic civil engineering firms, offering a diverse and complementary portfolio of professional consulting services.",3/3/24,35289,340,"['PII', 'Customer and Client Data', 'Financial Data']",Play
Welch's,www.welchs.com,Manufacturing," Massachusetts, United States","Welch's produces and markets grape products. The Company offers refrigerated juices, juice cocktails, jams and jellies, and snacks. Welch Foods serves the foodservice customers such as schools, business and industry, lodging, colleges and universities, healthcare, and restaurants.",26/2/24,36886,428,"['PII', 'Customer and Client Data', 'Financial Data']",Play
MeerServices,www.meerservices.nl,IT Services and IT Consulting, Netherlands,"Meerservices is a shop that provides complete automation projects. Furthermore, also focused on Telecommunications within a company.",21/2/24,38411,124,"['PII', 'Customer and Client Data', 'Financial Data']",Play
Onclusive,www.onclusive.com,Public Relations and Communications Services, United States,"Onclusive is the data science company for communications. The inventors of PR Attributionâ¢ and Power of Voiceâ¢, Onclusive measures the true impactthat content is having on a company's bottom line. The Onclusive platform is built upon a proprietary newscrawler which analyzes millions of earned, owned, and newswire articles every day globally and in over 100 languages, organizing each piece of content based on dozens of dimensions for aggregate and entity-level analysis.",24/2/24,38342,650,"['PII', 'Customer and Client Data', 'Financial Data']",Play
Mechanical Reps,www.mechreps.com,Wholesale, United States,"Mechanical Reps, Inc. is the premier manufacturers' representative for HVAC products in Central and South Texas. Founded in 1974, our team providesexceptional products and an unprecedented level of service. Mechanical Reps Inc. serves engineers, contractors, and facility managers who demand responsiveness and expertise.",21/2/24,38317,87,"['PII', 'Customer and Client Data', 'Financial Data']",Play
HR Ewell & Hy-tec,www.hrewell.com | www.hytectank.com,Transportation, United States,"H.R. Ewell, Inc. was founded in 1946 in Lancaster County Pennsylvania as a local bulk milk transporter and expanded into liquid sweetener transportas opportunities arose.",21/2/24,38227,41,"['PII', 'Customer and Client Data', 'Financial Data']",Play
"Norman, Fox",www.norfoxchem.com,Chemical Manufacturing, United States,"Norman, Fox & Co. manufactures and distributes specialty chemicals to the HI&I / Compounding, Agriculture, Water Treatment, Adhesive, Paint & Coatings, Food, Pharmaceutical, Cosmetic & Personal Care, and Oil and Gas industries.",21/2/24,38193,14,"['PII', 'Customer and Client Data', 'Financial Data']",Play
von Hagen,www.vonhagen.net,Design Services, Germany,"With our additional facilities in Kielce/Poland and Las Vegas/USA and a highly efficient global partner network, we make sure that you and your projects attract interest everywhere you go in this world.",21/2/24,38235,260,"['PII', 'Customer and Client Data', 'Financial Data']",Play
LD Davis,www.lddavis.com,Chemical Manufacturing, United States,"Headquartered in Pennsylvania and Founded in 1926 , L.D. Davis is an adhesives manufacturer Creating Glue and Gelatin for Bookbinding, Packaging and laminating ect.",21/2/24,38187,21,"['PII', 'Customer and Client Data', 'Financial Data']",Play
Leaders Staffing,www.leadersstaffing.com,Staffing and Recruiting, United States,"Leaders Staffing, LLC offers resourceful connections between employers and job seekers. It specializes in staffing services, talent acquisition, recruiting, and human resources. The company was formed in 2005 and is based in Fort Wayne, Indiana.",11/2/24,40368,40,"['PII', 'Customer and Client Data', 'Financial Data']",Play
Douglas County Libraries,www.dcl.org,Libraries, United States,"Founded in 1966 and Headquartered in Castle Rock, Colorado. Douglas County Libraries is a library that offer various styles and genres of books, audio books, CD's and more.",11/2/24,40379,618,"['PII', 'Customer and Client Data', 'Financial Data']",Play
Premier Facility Management,www.pfmgreen.com,Environmental Services, United States,"PFM can customize and design innovative solutions to meet todays market demand and keep-it-green. PFM has sustainable by-product marketing, surplusmaterial exchanges and global outlets for recyclables.",11/2/24,40460,20,"['PII', 'Customer and Client Data', 'Financial Data']",Play
Virgin Islands Lottery,www.winusvilottery.com,Gambling Facilities and Casinos, United States,Virgin Islands Lottery,11/2/24,40336,65,"['PII', 'Customer and Client Data', 'Financial Data']",Play
Perry-McCall Construction,www.perry-mccall.com,Construction, United States,"Perry-McCall Construction is a full-service commercial construction company based in Jacksonville, Florida that provides services in General Contracting, Design-Build, and Construction Management.",11/2/24,40156,211,"['PII', 'Customer and Client Data', 'Financial Data']",Play
Albert Bartlett,www.albertbartlett.com,Food and Beverage Manufacturing, United States,"Albert Bartlett, headquartered in Airdrie, North Lanarkshire, and established in 1948, is a root vegetable company specializing in growing and packaging potatoes.",11/2/24,40145,270,"['PII', 'Customer and Client Data', 'Financial Data']",Play
Mason Construction,www.masonconstruction.net,Construction, United States,"Mason Construction, founded in 1939 and located in Beaumont, Texas, is a full-service industrial construction company.",11/2/24,40179,92,"['PII', 'Customer and Client Data', 'Financial Data']",Play
McMillan Pazdan Smith,www.mcmillanpazdansmith.com,Architecture and Planning, United States,"McMillan Pazdan Smith, founded in 1955 and headquartered in Greenville, South Carolina, is an architecture, planning, and interior design firm.",11/2/24,40151,171,"['PII', 'Customer and Client Data', 'Financial Data']",Play
Hannon Transport,www.hannontransport.com,Transportation, United States,"Hannon are specialists in dealing with the logistical challenges of cut flower transportation, managing ever changing orders and volumes on a dailybasis.",11/2/24,40173,59,"['PII', 'Customer and Client Data', 'Financial Data']",Play
Northeastern Sheet Metal,www.nesmco.com,Construction, United States,"NorthEastern Sheet Metal Co., Inc. began in 1995. Our focus is commercial duct system fabrication and installation.",11/2/24,40101,22,"['PII', 'Customer and Client Data', 'Financial Data']",Play
Ready Mixed Concrete,www.aareadymix.com,Construction, United States,"Since 1949, At A & A Ready Mixed Concrete Inc, we are concrete experts with the passion, the expertise and the guts to take on any job.",11/2/24,40137,98,"['PII', 'Customer and Client Data', 'Financial Data']",Play
Greenwich Leisure,www.gll.org,Wellness and Fitness Services, United Kingdom,"GLL operates sport, leisure facilities and libraries forlocal authorities throughout London",11/2/24,40111,272,"['PII', 'Customer and Client Data', 'Financial Data']",Play
Modern Kitchens,www.modernkitchens.com,Retail, United States,"Headquartered in Syracuse, Modern Kitchens is Upstate New York's premier built-in appliance and cabinetry distributor. Our showrooms in Albany, Buffalo and Syracuse feature top-of-the-line products perfect for the most detailed products.",11/2/24,39878,75,"['PII', 'Databases', 'Customer and Client Data', 'Financial Data']",Play
Innovex Downhole Solutions,www.innovex-inc.com,Oil and Gas, United States,"Founded in 2016 and headquartered in Houston, Texas, Innovex Downhole Solutions design, manufacture, and install well construction, completion, andartificial lift products for onshore and offshore operators worldwide.",4/2/24,40594,,"['PII', 'Customer and Client Data', 'Employee and HR data', 'Financial Data']",Play
TPG Architecture,www.tpgarchitecture.com,Architecture and Planning, United States,"Founded in 1979 and headquartered in New York City, TPG Architecture works in the field of architecture and interior design.",23/1/24,43324,457,"['PII', 'Customer and Client Data', 'Financial Data']",Play
Televerde,www.televerde.com,Business Consulting and Services, United States,"Founded in 1994 and headquartered in Phoenix, Arizona, Televerde offers a portfolio of sales and marketing solutions.",10/1/24,46487,395,"['PII', 'Customer and Client Data', 'Financial Data']",Play
Madison Capital & WPM & The Time Group,www.madisoncapital.com | www.wpmllc.com | www.thetimegroup.com,Finance, United States,Madison Capital has over 40 years of expertise in commercial equipment financing and leasing and is a direct funding source for most types of equipment and vehicles.,5/1/24,47894,,"['PII', 'Customer and Client Data', 'Employee and HR data', 'Financial Data']",Play