Company Name,Description,Headquarters,Country,Website,Industry,Company Size,Specialities,Company Type,Followers
Benson Kearley IFG,"Benson Kearley IFG is an independent insurance agency leaders at the top of our game, with our feet planted firmly in our community. We provide all lines of personal, commercial and specialty insurance, including plans specifically designed by us for the plastics manufacturing and information technology industries. We treat multi-national organizations with the same uncompromising respect as a local small business owner. We are your Partners In Risk. Your health is our health.

When Benson Kearley merged with IFG in 2011, the core ethical pillars of each parent brokerage reinforced our customer philosophy, ""It's all about our customer"". These are our core values: 

We regard it as a privilege to serve our clients.

Uncompromising integrity and pride in everything we do.

We value each employee as an individual, 
providing an environment to be the best they can be.

Passionate about giving back.

We celebrate our success.


www.Facebook.com/BensonKearleyIFG","Newmarket, ON",Canada,https://www.linkedin.com/redir/redirect?url=http%3A%2F%2Fwww%2EBensonkearleyIFG%2Ecom&urlhash=GKJZ&trk=about_website,Insurance,51-200 employees,"Personal Insurance, Commercial Insurance, and Financial Services",Public Company,509
"Law Offices of Michael J Gurfinkel, Inc","The Law Offices of Michael J. Gurfinkel, Inc. is one of the most respected and successful immigration law firms in America","GLENDALE, California",United States,null,Law Practice,11-50 employees,null,null,509
"Stein Fibers, LLC","OUR MISSION

Stein Fibers, Ltd. has a straightforward mission: to meet our customersâ€™ fiber requirements by combining the most extensive in-stock product offerings in the marketplace with unsurpassed responsiveness.

WORLDWIDE SERVICE

Now in our 5th decade, we are among the largest suppliers and producers of polyester fiberfill and non-woven fibers in North America, with annual shipments exceeding 500 million pounds.

GREEN INITIATIVE

With global sourcing strategies, long-term relationships, contacts to overseas suppliers, and domestic production facilities, Stein Fibers, Ltd. is a distributor of polyester as well as a domestic producer with a green focus.","Albany, New York",United States,https://www.linkedin.com/redir/redirect?url=http%3A%2F%2Fwww%2ESteinFibers%2Ecom&urlhash=sEhJ&trk=about_website,Textile Manufacturing,201-500 employees,"Customized Techincal Support, US Based Manufacturing, Distribution Network, No Touch Freight, Web Based Inventory Tracking, Just In-Time Delivery, Business Development, Product Development, Product Customization, Intellectual Property, and Extensive Inventory",Privately Held,"2,828"
Majestic Metals Inc,"We manufacture complete metal buildings and metal building systems for industrial, commercial, agricultural and residential use.","Madison, Mississippi",United States,https://www.linkedin.com/redir/redirect?url=http%3A%2F%2Fmajesticmetals%2Ecom&urlhash=oKnI&trk=about_website,Mining,51-200 employees,null,null,28
Ladov Law Firm,"Located in the heart of Philadelphia, Ladov Law is a boutique law firm specializing in commercial and real estate litigation and transactions, creditorsÕ rights and business disputes.","Philadelphia, Pennsylvania",United States,null,Law Practice,1-50 employees,null,null,28
HDI Global SE,"Companies from the trading, manufacturing and service industries need an insurance partner they can rely on.  HDI has been one of the leading insurers, offering a broad and needs-based range of insurance solutions and accompanying services for more than ten decades. 

HDI Global SE is the flagship company of the Industrial Clients Division of Talanx Group. Along with other affiliated ""HDI"" entities, the company is part of TALANX Group which works successfully as a multi-brand provider in the segments of Property/Casualty and Life Primary Insurance, Non-Life & Life/Health Reinsurance (Hannover Re) and Financial Services.

HDI Global SE is the strong partner for B2B services in the Insurance and Risk Management sectors. We are a one-stop shop for innovative solutions geared to a client's specific needs. HDI develops bespoke insurance concepts precisely tailored to the operating risks facing every size and type of company. Comprehensive risk management designed to prevent losses and damage occurring, just as much from part of the company's reliable service, as professional and prompt claims management.

The company, with its headquarters in Germany, generates more than half of its premium volume internationally. Europe is its core market and here HDI is represented in 39 countries, employing around ~5,000 people. In line with this international focus, the former HDI-Gerling Industrie Versicherung AG changed its name to HDI Global SE in 2016. Branches, subsidiaries and affiliates the world over have also been renamed to ensure a uniform corporate image. The company now operates worldwide under the HDI brand.","Hannover, Lower Saxony",Deutschland,https://www.linkedin.com/redir/redirect?url=http%3A%2F%2Fwww%2Ehdi%2Eglobal&urlhash=e_Sk&trk=about_website,Insurance,"5,001-10,000 employees","Industrial & Commercial Property/Casualty Insurance, Multinational Insurance Solutions, and Risk & Safety Engineering",Public Company,"40,169"
GCA Global Cargo Alliance Corp.,"GCA Global Cargo Alliance, a leading freight forwarder in the logistics market established in 1994, is a customer-dedicated company that delivers premium service at very competitive prices. With headquarters in Miami, FL, GCA represents the best shipping solution for your business.

The business started as a courier company, shipping packages from Miami to Latin America. As the business grew, the customersâ€™ needs became more and more demanding; contributing to what GCA has now evolved to. GCA currently offers shipping solutions to customers all over the world; relying on a professional network of agents that represent GCA in the 5 continents.

In 2007, and thanks to the companyâ€™s continuous growth, GCA relocated to a 45.000 Sq. Ft. CFS (Container Freight Station) fully bonded warehouse, expanding its capacity to receive, store and handle your shipments no matter their size or contents.

GCA is an NVOCC and OTI, which does not only offer a well maintained know-how in the logistics operations, but also a professional staff qualified enough to assure an appropriate handling of your cargo in Air, Ocean, Ground, and Courier transportation. GCAâ€™s involvement in various international trade networks links us to many service providers throughout the globe, reinforcing our drive to provide transnational end-to-end logistics solutions to our customers.","Miami, Florida",United States,https://www.linkedin.com/redir/redirect?url=http%3A%2F%2Fwww%2Egcargo%2Ecom&urlhash=qAC7&trk=about_website,"Transportation, Logistics, Supply Chain and Storage",201-500 employees,"Air, Ocean and Ground Transportation, Warehousing, Cargo Insurance, Project Cargo, Courier, and Brokerage, Distribution, Fulfillment",Self-Owned,"3,852"
Smartsource Inc,"Whether staffing skilled IT professionals across todayÕs software development life cycle and infrastructures environments or helping businesses install, update and maintain millions of tech systems and devices, we outdo IT services and delivery because of our talent, endless hustle and unmatched tech industry experience.","Addison, Texas",United States,https://www.linkedin.com/redir/redirect?url=http%3A%2F%2Fwww%2Esmartsource-inc%2Ecom&urlhash=Rt_4&trk=about_website,IT Services and IT Consulting,51-200 employees,null,null,349
Battle Lumber Company,"Since 1962, weâ€™ve been at the forefront of the timber industry, making numerous strides over the decades to take us from a local mill with a staff of 8 to an international supplier employing over 400 on our 462-acre home in Wadley, Georgia.

From grade lumber to pallets, Battle Lumber Company consistently produces quality products renowned the world over.","Wadley, GA",United States,https://www.linkedin.com/redir/redirect?url=http%3A%2F%2Fbattlelumberco%2Ecom&urlhash=g_hP&trk=about_website,Wood Product Manufacturing,"501-1,000 employees",null,Privately Held,331
Anniversary,"Anniversary is a small startup with big aspirations. We like surprises and we love technology, so we decided to combine the two to create a fun way to share our favorite moments with our favorite people. We believe that the word Anniversary is too limited in scope, and that any moment that makes us smile deserves an Anniversary, too. So next time you find yourself smiling, take a picture or video, select your friends, and choose a delivery date. Everyone loves a good surprise. Available soon for iOS.",Louisiana,United States,https://www.linkedin.com/redir/redirect?url=http%3A%2F%2Fanniversary-app%2Ecom&urlhash=NKPE&trk=about_website,Telecommunications,2-10 employees,null,Privately Held,null
Keya Accounting and Tax Services LLC,"Our team creates business growth services specially designed to deliver optimized results for your business. And as your business evolves and expands, we take the time to sit down and discuss alternatives that will make it stronger in the future.","Fairfax, Virginia",United States,null,Accounting,null,null,null,null
CK Associates,"CK Associates, at all levels of our organization, is committed to achieve growth for our Principals through our distribution network and direct customer relationships. We maintain strong relationships, focus our efforts, and commit to exceed the expectations of our suppliers, our distributors and our customers. Reputation, integrity and ethics are the foundation of our path to success.

CK Associates is a technical sales organization that is a privately held California corporation. Since our inception in 1982, we have had a steady growth and our charter is to continue that growth. Our focus has been to build a synergistic line card, to completely support the needs of customers in our territories. We are staffed with highly motivated personnel, including Field Application Engineers and Distribution Sales Managers. CK serves Arizona and Southern California (which includes Los Angeles, Orange County, San Diego and Imperial Counties), as well as Baja California (Maquiladoras).","San Diego, California",United States,https://www.linkedin.com/redir/redirect?url=http%3A%2F%2Fwww%2Eckassoc%2Ecom&urlhash=NyYW&trk=about_website,"Appliances, Electrical, and Electronics Manufacturing",11-50 employees,null,Privately Held,265
Studio Isolabella,"Lo Studio Legale Isolabella Ã¨ stato fondato dallâ€™avvocato Lodovico Isolabella allâ€™inizio degli anni â€™60.  

Lo Studio e i suoi professionisti operano esclusivamente nellâ€™ambito del Diritto Penale, in particolare nel Diritto Penale dâ€™Impresa, fornendo assistenza prevalentemente a SocietÃ  (in ogni settore, da quello Finanziario a quello Industriale e Commerciale), Compagnie di Assicurazione, Istituti di Credito, Strutture Sanitarie pubbliche e private, assistendo direttamente sia le Persone Giuridiche, che le persone fisiche.

Studio Isolabella was founded by Lodovico Isolabella at the beginning of the 1960â€™s and operates exclusively in the field of criminal law, with particular focus on corporate criminal law. 
The Firm and its professionals work exclusively in the branch of Criminal Law, in particular Corporate Criminal Law, providing assistance mainly to companies operating in different sectors (Banks, Funds, Industrial Companies, Hospitals, Public Bodies) assisting both legal and natural persons.","Milano, MI",Italia,https://www.linkedin.com/redir/redirect?url=https%3A%2F%2Fwww%2Estudioisolabella%2Ecom%2F&urlhash=wCk-&trk=about_website,Law Practice,11-50 employees,null,Privately Held,"1,240"
"Western Supplies, Inc.","Western Supplies is your experienced Pipeline Supplier. Whether you need Right of Way Materials, Testing Equipment or anything in between.  Since 1970, Western Supplies, Inc has served the pipeline industry with excellent customer service and the highest quality products.  Sales and Rental Equipment and supplies.","Wichita Falls, Texas",United States,https://www.linkedin.com/redir/redirect?url=http%3A%2F%2Fwesternsupplies%2Ecom&urlhash=NHMb&trk=about_website,Oil and Gas,11-50 employees,"pipeline supply, drilling, rentals, testing, service, calibration, augers, boring, and contractor supplies",Privately Held,112
TCIDA,Infectious disease consulting services and infusion pharmacy,"FORT WORTH, TX",United States,https://www.linkedin.com/redir/redirect?url=http%3A%2F%2Fwww%2Etcida%2Enet&urlhash=bLn0&trk=about_website,Hospitals and Health Care,11-50 employees,Infectious diseases and Infusion pharmacy,Partnership,241
Eric Rossi CPA,"Our firm provides outstanding service to our clients because of our dedication to three underlying principles: professionalism, responsiveness, and quality.","Pittsburgh, Pennsylvania",United States,https://www.linkedin.com/redir/redirect?url=http%3A%2F%2Fericrossicpa%2Ecom&urlhash=Akn3&trk=about_website,Accounting,2-10 employees,null,null,2
Bunkhouse Group,"Bunkhouse has a reputation for building memorable experiences that offer more than just a good night's sleep and a great cup of coffee. Passion for design, tireless attention to detail and a commitment to creating authentic culture have earned our properties a unique place in the hearts and minds of those who visit us. Our work is rooted in the communities in which we exist, and we believe above all else in creating an awareness of and connection to a sense of place in all that we do.

Our success is best measured by the loyalty of our guests, employees, stakeholders, vendors and partners, and we are proud to see those meaningful connections translate into a thriving business. We at Bunkhouse are proud to build businesses with soul. It's not only the right thing to do, and the most fun â€“ it's sustainable, profitable and scalable.","Austin, Texas",United States,https://www.linkedin.com/redir/redirect?url=http%3A%2F%2Fwww%2Ebunkhousegroup%2Ecom&urlhash=N5Xv&trk=about_website,Hospitality,,,,"8,462"
The Insurance Company Of The West Indies Limited (ICWI),"ICWI is a leading General Insurance Company in the Caribbean operating in nine islands throughout the region: the Bahamas, the British Virgin Islands, the Cayman Islands, Jamaica, St. Maarten, St. Kitts & Nevis, Turks & Caicos, Dominica and Trinidad & Tobago. Bolstered by over 55 years of experience, we intend to continue our expansion throughout the region, leveraging the risk diversification and operational efficiencies provided by scale.","Kingston, Kingston",Jamaica,https://www.linkedin.com/redir/redirect?url=http%3A%2F%2Ficwi%2Ecom&urlhash=tFWg&trk=about_website,Insurance,201-500 employees,"Motor, Property, Liability, Personal Accident, Pecuinary Loss & Marine and Aviation",Privately Held,225
Wayne Wright Llp,"At Wayne Wright LLP, we are fully equipped to handle your injury case with the utmost compassion and care. Our team of injury attorneys have the experience and skill needed to get you the maximum settlement for your case so that you can get your life back on track. In this day and age, itÕs not enough to demand your justice, so we are going to fight for it.","Austin, Texas",United States,https://www.linkedin.com/redir/redirect?url=https%3A%2F%2Fwaynewright%2Ecom&urlhash=wUaA&trk=about_website,Law Practice,51-200 employees,null,null,26
M.Royo & KlockMetal,M.Royo and Klockmetal are two Argentine companies that work together to provide long and flat steel,Buenos Aires,Argentina,null,Steel Facotry,1-25 employees,null,null,26
Scott Pharma Solutions,"ScottPharma Solutions was launched in January 2016 by combining two respected distributors, ScottÕs Distributing and PharmaServ","Marlborough, Massachusetts",United States,null,Hospitals and Health Care,2-10 employees,null,null,401
"Fish Nelson & Holden, LLC","Fish Nelson & Holden, LLC is a full-service law firm composed of a carefully assembled, talented group of attorneys and support staff. The entire Fish Nelson & Holden team recognizes the importance of professional development and continuously seeks new and better ways to serve our clients. ","Birmingham, Alabama",United States,https://www.linkedin.com/redir/redirect?url=http%3A%2F%2Ffishnelson%2Ecom&urlhash=VbKc&trk=about_website,Law Practice,null,null,null,9
"Atwood & Cherny, P.C.","Atwood & Cherny, P.C. offers an array of services in the area of family law and divorce in addition to litigation, appellate work and mediation. Many of our attorneys are trained in Alternative Dispute Resolution and serve as Court Appointed Masters, Conciliators and Guardian Ad Litems.  Divorces involving high net worth and substantial assets require careful planning.  Let the respected attorneys of Atwood & Cherny guide you through this process.","Boston, Massachusetts",United States,https://www.linkedin.com/redir/redirect?url=https%3A%2F%2Fwww%2Eatwoodcherny%2Ecom%2F&urlhash=2dBn&trk=about_website,Legal Services,11-50 employees,null,Privately Held,164
Better Business Bureau,"Since 1912, the Better Business Bureau has been on the forefront of positive marketplace change by partnering with leading companies committed to the best practices of business ethics, marketplace excellence, and effective industry self-regulation. As a mission-driven nonprofit organization, the over 100 BBBs across the U.S., Canada and Mexico work with consumers, businesses, and the government to advance marketplace trust.","Arlington, Virginia",United States,https://www.linkedin.com/redir/redirect?url=http%3A%2F%2Fwww%2Ebbb%2Eorg&urlhash=1IFv&trk=about_website,Non-profit Organization Management,"1,001-5,000 employees",null,Nonprofit,"24,666"
Sable International,"Sable brings together a group of companies that specialise in unique financial and immigration services for businesses and individuals.

Our clients are â€˜global citizensâ€™; individuals and SMEs with international interests like wealth, property, clients, suppliers and family abroad. For three decades, we have provided this clientele with expertise that is tailored to their unique circumstances.

We provide a personalised service to clients who enjoy direct access to experienced professionals. If you are looking for a smart and able financial services provider, weâ€™d love to speak with you. 

We are fully regulated by the ICAEW, FCA OISC and The Law Society","London, England",United Kingdom,https://www.linkedin.com/redir/redirect?url=https%3A%2F%2Fwww%2Esableinternational%2Ecom&urlhash=suHb&trk=about_website,Financial Services,201-500 employees,"Tax, Wealth, Offshore, Forex, Nationality, Mortgages, Money transfers, UK immigration, Australian immigration, Financial emigration, Residency-by-investment, UK business set up, SME accounting, Contractor accounting, and Cross-border financial planning",Privately Held,"7,943"
"Karvo Companies, Inc","Karvo Companies, Inc. is a dynamic, growth oriented general contractor specializing in heavy highway construction.  Since its establishment in 1989, this family-owned construction company has been improving highways and communities through proficient leadership, emphasis on safety, integrity and career opportunities for over 300 skilled employees.  Karvo Companies is commitment to excellence and ingenuity has earned the company the distinction of one of Ohio's leaders in the construction industry.","Stow, Ohio",United States,https://www.linkedin.com/redir/redirect?url=http%3A%2F%2Fwww%2Ekarvocompanies%2Ecom&urlhash=5u1w&trk=about_website,Construction,201-500 employees,"Asphalt Paving, Concrete Paving, Construction, and Utilities",Privately Held,630
U.S. Dermatology Partners,"U.S. Dermatology Partners is one of the premier dermatology practices in the country, caring for over two million patients each year. With over 100 locations across eight states that span large metroplexes and rural, underserved communities, they provide the benefits of private, personalized levels of care paired with a network of coordinated, specialized dermatology physicians. U.S. Dermatology Partners is fervently focused on providing the highest level of compassionate and comprehensive patient-first care, making it seamless for all people to connect with dermatologists and national leaders in areas such as clinical research, psoriasis, and Mohs surgery, and gain access to state-of-the-art dermatological treatments, surgical and cosmetic dermatology. To learn more, visit usdermatologypartners.com.","Dallas, Texas",United States,https://www.linkedin.com/redir/redirect?url=https%3A%2F%2Fwww%2Eusdermatologypartners%2Ecom%2F&urlhash=J8bA&trk=about_website,"Health, Wellness & Fitness",,,,"16,188"
PBC Companies,Providing M&A guidance and management services to the Financial Services industry,California,United States,null,Financial Services,11-50 employees,null,Privately Held,null
Mohawk Valley Cardiology PC,"We are personal cardiac care providers serving the greater Mohawk Valley Area, residing in the heart of Utica and affiliated with St. JosephÕs Hospital . ","Utica, New York",United States,null,"Health, Wellness & Fitness",28 employees,null,null,null
Accelon Technologies Private Limited,"Started in 2005 & based in Pune, Accelon Technologies is a committed team of SAP ERP consultants with one goal â€“ enabling intelligent automation of our clientâ€™s businesses. We provide 360-degree services for SAP ERP solutions from initial consultation, planning, implementation, add-ons, and beyond. Having worked with 150+ customers across various verticals and industries, we specialize in SAP ERP solutions for Micro, Small, & Medium businesses. With numerous successful SAP Business One implementations, we are one of the best ERP & Business Intelligence services providers and a proud SAP Gold Partner in India.


EXPERIENCE
â€¢ Over 15 years of SAP ERP Implementations. â€¢ 150+ Successful Implementations â€¢ 9000+ Users Supported. â€¢ 15+ Industries Served. â€¢ Successful Implementations in 5+ Global Regions.

EXPERTISE
â€¢ SAP Gold Partner â€¢ SAP Business One â€¢ SAP Business One Version for HANA. Add-ons Development for SAP Business One.

SUPPORT
â€¢ 8+ Offices across India â€¢ 70+ Active Employees â€¢ Dedicated Support Teams â€¢ Consultancy, Training, Reporting, and Maintenance. â€¢ Call, Online, and On-site support.

INNOVATION
â€¢ 10+ Apps and Add-ons for SAP B1 â€¢ In-house developers, designers, data architects, and project managers. â€¢ Feature-rich add-ons for Fashion, Apparel, Footwear, and Retail Industries.","Pune, MH",India,https://www.linkedin.com/redir/redirect?url=http%3A%2F%2Faccelontech%2Ecom&urlhash=Glpw&trk=about_website,Software Development,51-200 employees,"SAP, SAP Business One, Crystal Reports, Business Intelligence, VB.Net Development, and ERP",Privately Held,"3,987"
Texas Alcohol & Drug Testing Service,"The mission of Texas Alcohol and Drug Testing Service, Inc., is to provide a confidential, cost-effective, high quality testing program geared toward everyone from the individual to the large corporation, while striving for integrity in testing.  We are the only choice when dependability counts.

Established in 1994, Texas Alcohol and Drug Testing Service (TADTS) is an industry leader in helping companies establish a Drug-Free Workplace.

That experience includes federally mandated testing for the transportation, marine, aviation, pipeline and oil and gas industries.

Complying with federal and state rules and regulations related to testing requires a lot of time and effort. Many companies are not equipped to deal with ever-changing federal regulations and state legislation affecting the testing industry. Companies can take advantage of Third Party Administration (TPA) services provided by TADTS. Internal programs offered by a company can be charged with discriminative administration, unfair treatment, and wrongful discharge. Contracting with the experts at TADTS is a simple decision that can protect your business. 

TADTS collectors are certified by the Drug and Alcohol Testing Industry Association (DATIA), and are also certified Breath Alcohol Technicians (BAT). TADTS collectors have received 12 hours of specialized training for specimen collection techniques in compliance with federal testing regulations.","Houston, Texas",United States,https://www.linkedin.com/redir/redirect?url=http%3A%2F%2Fwww%2Etadts%2Enet&urlhash=CRJw&trk=about_website,Human Resources Services,51-200 employees,"Drug Testing, Alcohol Testing, DNA Testing, Drug Free Workplace, Post Accident Testing, Third Party Administrator (TPA), After Hours Availability, Random Program, and DOT Supervisor Training",Privately Held,179
Playa Vista Job Opportunities and Business Services,null,California,United States,null,null,25 employees,null,null,null
Thompson Davis & Co.,"Founded in  2002, Thompson Davis & Co. is an independent private asset manager providing individuals, businesses, foundations and retirement plans with disciplined and uniquely focused growth and value-driven investment management.  Our research methodology forms the foundation of everything we do.  Our discipline is the basis of our ability to properly manage the assets under our care and the source of our competitive advantage.  Our paramount goal is to use our experience and knowledge for the benefit of our clients.  We trust our disciplined and focused investment process enough to follow it not only for our clients but also for ourselves.  By aligning our interests with our clients, we strive to create a level of trust building and solid long-term relationships.  This is self-explanatory, but worth repeating - our success depends on yours.","Richmond, VA",United States,https://www.linkedin.com/redir/redirect?url=http%3A%2F%2Fwww%2Ethompsondavis%2Ecom&urlhash=DEWm&trk=about_website,Financial Services,11-50 employees,null,Privately Held,135
Island Transportation Corp.,"Island Transportation Corp., founded in 1952 with one customer and two used tractor-trailers, has grown to one of the largest bulk carriers in the United States servicing the petroleum industry for over 50 years. Today, we are privileged to serve a majority of the leading oil companies in the northeast, hauling billions of gallons of product to their facilities each year. This is achieved by a modern fleet of tractors and trailers and the best trained professional truck drivers in the industry. We presently employ over 300 people in the tri-state area, the cornerstone of our business. Our growth over the years has been the result of dedication, loyalty and the hard work of our people. Island Transportation's Corporate Headquarters is located at 299 Edison Avenue, West Babylon, New York, with our main operating facilities in the following areas:

* West Babylon, New York
* Booklyn, New York
* Port Reading, New Jersey 
* North Haven, Connecticut","West Babylon, New York",United States,https://www.linkedin.com/redir/redirect?url=http%3A%2F%2Fwww%2Eislandtrans%2Ecom&urlhash=pujj&trk=about_website,Truck Transportation,201-500 employees,Transportation of Petroleum Products,Privately Held,393
Southwest Family Medicine Associates,"SFMA is a medical home recognized by the National Committee for Quality Assurance (NCQA). SFMA emphasizes on care coordination and long-term healing relationships. Through proactive management of patients with chronic diseases, open scheduling, extended hours and communication between patients, physicians and staff, patients are expected to experience an enhanced care in SFMA.","Dallas, Texas",United States,https://www.linkedin.com/redir/redirect?url=https%3A%2F%2Fwww%2Esouthwestfamilymed%2Ecom%2Findex%2Ehtml&urlhash=pJrS&trk=about_website,Medical Practices,11-50 employees,null,Public Company,null
"Florence Cement Company, Inc.",The Florence Cement Company is a local contractor performing public and private road construction in Southeastern Michigan.,"Shelby Township, Michigan",United States,https://www.linkedin.com/redir/redirect?url=http%3A%2F%2Fflorencecement%2Ecom&urlhash=4xV-&trk=about_website,Construction,51-200 employees,null,null,46
Augusta Orthopedic Specialists,"Augusta Orthopedic & Sports Medicine Specialists is a comprehensive medical and surgical practice devoted to the care of bone, joint, ligament, nerve and muscle problems. Over the past twenty years, we have grown to encompass seven highly skilled surgeons and provide state of the art facilities housing digital x-rays, MRIs and physical therapy services.","Thomson, Georgia",United States,https://www.linkedin.com/redir/redirect?url=http%3A%2F%2Fortho-augusta%2Ecom%2F&urlhash=XODN&trk=about_website,Hospitals and Health Care,11-50 employees,null,null,14
Insula Group Pty Ltd,"Insula Group is a Melbourne-based software and consultancy firm which has been providing IT solutions to many industries since 1994. Drawing on the success of many software development ventures, Insula Group identified the need to construct a range of purpose-built solutions to better enhance business efficiency, and deliver process improvement to businesses.

The growing need to improve business practices in the construction and finance industries led Insula Group to develop a number of high quality client and work flow management software solutions for residential construction builders and finance brokers.

www.frameworkecm.com.au
www.thefinanceshop.net.au 
www.onsiteeye.com.au
 
Our software solutions are now used nationally by some of Australia's largest companies, with several of our systems in operation internationally over multiple countries.

Insula Group understands the importance of software meeting the specific needs of industry and our clients. We actively engage in both custom software development and customisation of core software products, and are specialists in systems integration. Additionally, the Insula team is continually looking for new opportunities where software support can improve a client's business experience.

Contact us to see how our products and services can benefit your business.","OAKLEIGH, VIC",Australia,https://www.linkedin.com/redir/redirect?url=http%3A%2F%2Fwww%2Einsulagroup%2Ecom%2Eau&urlhash=0qoT&trk=about_website,Software Development,11-50 employees,"IT Strategy & Planning, Business Intelligence, Project Management, Technology Solutions, Custom Software, Systems Integration, Mobile Solutions, Legacy Migrations/Conversions, Software Development, Construction Workflow Management, and Equipment Finance Management",Privately Held,74
TRANSIT MUTUAL INSURANCE CORPORATION ,"Transit Mutual Insurance Corporation of Wisconsin is a not-for-profit mutual insurance corporation.  Located in Appleton, Wisconsin, we insure public transit vehicles owned by municipalities located throughout Wisconsin. ","APPLETON, Wisconsin",United States,https://www.linkedin.com/redir/redirect?url=http%3A%2F%2Ftransitmutual%2Ecom&urlhash=7VC0&trk=about_website,Insurance,2-10 employees,null,null,5
"Legend Properties, Inc.","Legend Properties, Inc. is a full-service commercial real estate and brokerage firm serving eastern and central Pennsylvania, New Jersey and Delaware with more than 15 agents based in two offices. An affiliated company, Legend Florida, LLC, serves southeast Florida. Since 1990, Legend Properties has offered expert retail leasing, tenant representation, and investment sales services, as well as development consulting and transactional services for commercial land and buildings. The company also provides property management services through an affiliate, Legend Management Services, LLC. Legend Properties leads commercial real estate brokerage market share in the greater Philadelphia region.","Philadelphia, Pennsylvania",United States,https://www.linkedin.com/redir/redirect?url=http%3A%2F%2Fwww%2Elpre%2Ecom&urlhash=8seJ&trk=about_website,,,,,656
MEL Aviation Components Ltd,"Welcome!

MEL Aviation Components Ltd, specialises in the supply and management of rotable components for the commercial aviation market, with a particular focus and expertise in the support of Boeing, Airbus and Regional fleets. 
 
Our facility is located in Crawley next to London Gatwick, 35 minutes to London Heathrow airport. 

MEL Components provides nose to tail support solutions through its 24/7 AOG Desk to customers around the globe, 365 days a year. 

This family focused company is led by a reliable and committed team with considerable experience in the aviation industry, including component support services and MRO activities.
 
We understand and pride ourselves on offering a competitive, passionate and personal service to all customers, understanding each and everyoneâ€™s needs from assisting the everyday operations through to understanding and solving crucial AOGs. Aviation is constantly on the move so therefore we understand the flexibility that is needed to create an environment where customers choose to comeback time and time again.  
 
MEL Aviation Components are part of the prestigious MEL Group, headed up by our repair facility that specialise in the repair and overhaul of hazardous material across military and commercial platforms. This allows MEL Components to also provide an aftermarket solution utilising the expertise of our MRO business, therefore being able to offer competitive pricing and turnaround times on outright sales/exchange of hazardous material. In addition to our own in house capabilities we also offer a 3rd party repair solution. This service which we provide offers our customers a one stop repair solution cutting down the management of repairs for each customer. 
 
MEL Aviation Components Ltd hold the following certification:
 
ISO 9001 / ASA","Crawley , West Sussex",United Kingdom,https://www.linkedin.com/redir/redirect?url=https%3A%2F%2Fwww%2Emelcomponents%2Eco%2Euk%2F&urlhash=WHae&trk=about_website,Aviation and Aerospace Component Manufacturing,11-50 employees,"Escape Slides , Rotable Components, Airbus A320 spares, Boeing 737NG spares, Hard time components, Evacuation Slides, Slide Rafts, Aviation, and Deals",Privately Held,"2,868"
Longview Oral & Maxillofacial Surgery,"OUR MISSION IS TO HELP PATIENTS LIVE HEALTHIER LIVES. WE PROVIDE A CARING, COMPASSIONATE ENVIRONMENT WHERE YOUR COMFORT AND HEALTH IS OF PRIMARY IMPORTANCE.","Longview, Washington",United States,null,"Health, Wellness & Fitness",11-50 employees,null,null,"2,868"
Dordt University,"Associated with the Christian Reformed Church, Dordt College was founded in 1955 in Sioux Center, Iowa and welcomes all students who are interested in a biblical, Christ-centered education. Today, as an accredited Christian liberal arts university, we're on a mission to cultivate the next generation of servant-leaders, who will saturate their relationships and communities with the Gospel of Jesus Christ.",Iowa,United States,null,Education,201-500 employees,null,null,null
ASI Corporation,"Founded in 1987, ASI Corp. is a national distributor of IT hardware and software products, maintaining a professional staff of nearly 500 employees and 9 sales/warehouse locations in the US and Canada. For over 30 years, ASI has continually taken a lead role in setting new standards in the distribution of IT solutions and value-add services. Today, ASI carries over 150 product lines and has over 10,000 of the most in-demand products.","Fremont, CA",United States,https://www.linkedin.com/redir/redirect?url=http%3A%2F%2Fwww%2Easipartner%2Ecom&urlhash=zzFt&trk=about_website,IT Services and IT Consulting,201-500 employees,null,Privately Held,"3,065"
WindCom (Wind Composites Service Group),"WindCom provides wind blade services in North America and is the sister company with AdCom in South America.  Services include inspection, repairs and preventive maintenance for blades of any type.  Wind Com differentiates itself from other blade service companies with:
â€¢         e-reporting system- The techs upload their daily documentation & photos.  Engineering reviews following our QA system At the end, the customer has access to the reports with a click of the mouse. 
â€¢         The most access methods available- Depending on the job: rope access, small work cage, and two different types of 360 platforms which allow for access on all sides of the blade at once.  These are good for 13m/s winds which keeps us working
â€¢        Work Instructions-Every blade repair has work instructions issued by engineering.  If changes need to be made, only engineering can make the changes and approvals.
â€¢         Written rigging plan for each turbine-  If we encounter a new turbine, our EHS manager will visit the site before the crew arrives and develop the work instructions for rigging.  Again the techs do not decide on the rigging method. 
â€¢         Training/certifications-All technicians are trained in house to comply not only with industry standards of safety but WindCom's more thorough courses.  After safety training hands on composite training is orchestrated by the engineering department.  The techs are the best trained in the industry.  Opportunities for advancement are available with additional training and experience..","Houston, Texas",United States,https://www.linkedin.com/redir/redirect?url=http%3A%2F%2Fwww%2Ewindcomservices%2Ecom&urlhash=Jjgc&trk=about_website,Renewable Energy Semiconductor Manufacturing,51-200 employees,"Composites Services for Blades, nacelles and Nose Cones, Leading Edge Protection, Blade Enhancements such as Vortex Generators, Structural Damage, Lightning Damage and LPS Repairs & Testing, Blade Inspections, and Shipping and Installation Damage",Privately Held,"11,580"
"Payne & Jones, Chartered","Payne & Jones provides a full range of business and legal services to its clients.  We are committed to providing value to our clients by delivering the highest quality legal services.  Our firm emphasizes prompt, efficient, and effective response to our clientâ€™s changing day-to-day needs. We are confident this more practical approach is unique in the legal field and is a primary reason we look forward to celebrating the firmâ€™s 100th year serving individuals and businesses across the region.

The guiding principle of Payne & Jonesâ€™ approach is flexibility.  This enables us to quickly marshal the legal talent and resources necessary to confront any situation in the interest of our clients.  This proven approach allows our law firm to allocate those resources, and only those resources, necessary for the task.  This process allows more effective client representation, personal interaction, exceptional service, and assures that the cost of legal services is minimized through individualized client representation.  

Our commitment to providing quality legal services is also reflected in the demonstrated leadership and exceptional academic achievement of our attorneys. ","Overland Park, Kansas",United States,https://www.linkedin.com/redir/redirect?url=http%3A%2F%2Fwww%2Epaynejones%2Ecom&urlhash=JzZG&trk=about_website,Law Practice,11-50 employees,null,Privately Held,67
National Publisher Services LLC,NPS Media Group provides a broad range of print and digital solutions to help media companies succeed in an ever more complex and challenging marketplace.,"Shelton, CT",United States,https://www.linkedin.com/redir/redirect?url=http%3A%2F%2Fwww%2Enps1%2Ecom&urlhash=dtbc&trk=about_website,Book and Periodical Publishing,2-10 employees,null,null,8
"Elite Limousine, Plus Inc.","Elite Limousine is a global chauffeur service based in Long Island City, NY with operations in over 600 cities across 60 countries. With one of the largest fleets of late model vehicles and core of professional chauffeurs we provide reliable and superior service, second to none. Our Customer Service Team is available to answer all queries 24/7 at (1-888-999-LIMO). We offer fixed, flat, all-inclusive rates for both personal and business rides - we've been trusted by number Fortune 500 companies for more than 3 decades. Book online, with our call center, or through our IOS/Android apps.","Long Island City, New York",United States,https://www.linkedin.com/redir/redirect?url=http%3A%2F%2Fwww%2Eeliteny%2Ecom&urlhash=-q1H&trk=about_website,Transportation/Trucking/Railroad,51-200 employees,null,Privately Held,87
"Critchfield, Critchfield and Johnston, Ltd.","Critchfield, Critchfield & Johnston, Ltd., through our attorneys and staff, is dedicated to providing superior solutions for our clients. We accomplish this by consistently delivering quality legal services, in a timely manner, at a fair value, with the highest ethical standards.","Wooster, OH",United States,https://www.linkedin.com/redir/redirect?url=http%3A%2F%2Fwww%2Eccj%2Ecom&urlhash=1N_P&trk=about_website,Law Practice,51-200 employees,null,Partnership,628
Clinica de Salud del Valle de Salinas,"Clinica de Salud del Valle de Salinas (CSVS) is dedicated to providing access to quality comprehensive health care to men, women and children with an emphasis on farm worker families and the agricultural community. ",California,United States,https://www.linkedin.com/redir/redirect?url=http%3A%2F%2Fcsvs%2Eorg&urlhash=Mi2o&trk=about_website,"Health, Wellness & Fitness",300 employees,null,null,null
"Nikolaus & Hohenadel, LLP","Nikolaus & Hohenadel, LLP is a mid-size Lancaster County law firm serving individuals, businesses and families throughout South Central Pennsylvania. The firm began as a two person partnership between Donald Nikolaus and Jack Hohenadel in 1972 and has grown to its present size with offices located in Lancaster, Columbia, Elizabethtown and Quarryville, Pennsylvania.

Our firmâ€™s mission is to provide quality legal services efficiently and in a timely manner to our clients.","Lancaster, PA",United States,https://www.linkedin.com/redir/redirect?url=https%3A%2F%2Fn-hlaw%2Ecom%2F&urlhash=mBZg&trk=about_website,Law Practice,11-50 employees,null,Partnership,27
MAH Machine Company,"MAH Machine Co., Inc. is headquartered in Cicero, Illinois, with over 125,000 square feet. MAH Machine is a privately held machine shop specializing in the graphics arts industry. 

MAH has new state-of-the-art equipment including: CNC Boring Mills, CNC Turning and Milling machines, Gear Cutting, Manual Milling, Manual Turning, Welding, Grinding, Balancing and other miscellaneous machines that can handle a vast majority of projects. For that reason, MAH can be very competitive with large capacity work; but, can also do prototype or one-of-a-kind work. 

The company goal is to ship your product on-time and supply you with the highest quality for a reasonable price.","Cicero, IL",United States,https://www.linkedin.com/redir/redirect?url=http%3A%2F%2Fwww%2Emahmachine%2Ecom%2F&urlhash=7_q1&trk=about_website,Machinery Manufacturing,51-200 employees,null,Privately Held,335
Texas Retina Associates,"Established in Dallas in 1966, Texas Retina Associates, with 15 offices throughout the state, is North Texas' largest, most experienced ophthalmology practice focused specifically on the diagnosis and management of diseases of the retina and vitreous, including macular degeneration and diabetic retinopathy.  Training at some of the country's top medical institutions, all 16 of our physicians completed fellowships in retina care, and many have sub-specialized further to treat even the  most challenging retina conditions like uveitis and ocular oncology.  Texas Retina Associates also actively participates in clinical research, including more than 100 national clinical trails over the past 25+ years, to bring the latest sight-saving treatments to our patients.  ","Dallas, TX",United States,https://www.linkedin.com/redir/redirect?url=http%3A%2F%2Fwww%2Etexasretina%2Ecom&urlhash=hXr1&trk=about_website,Medical Practices,51-200 employees,"Age-Related Macular Degeneration (AMD), Diabetic Retinopathy, Retinal Tear and Detachment, Uveitis, Ocular Cancer, Floaters and Light Flashes, Retinopathy of Prematurity, Macular Hole, Macular Pucker, Macular Edema, Retinal Artery Occlusion (BRAO, CRAO), Retinal Vein Occlusion (BRVO, CRVO), Inherited Retinal Disorders, Retinitis Pigmentosa, Central Serous Retinopathy, Lattice Degeneration, Penetrating Ocular Trauma, Complications of Cataract Surgery, and Degenerative Myopia",Partnership,"1,166"
Mountjoy,"Mountjoy provides professional and high quality construction, refurbishment, building maintenance and facilities management services.
With a track record spanning 25 years we have established ourselves as one of the most open, honest and versatile companies in the industry â€“ which is reflected in our long-term client relationships and a high level of customer satisfaction.
Mountjoy serves our clients through two divisions â€“ one focused on delivering construction and refurbishment projects the other on providing building maintenance and facilities management services. 
We employ over 300 staff ranging from professional project managers, estimators and quantity surveyors through to skilled tradespeople including carpenters, plumbers, electricians, and roofers. We have offices in Portsmouth, Isle of Wight, Southampton, Horsham and Winchester. We are registered with industry bodies such as CHAS, Constructionline, Safecontractor, NICEIC and Gas Safe.","Portsmouth, Hampshire",United Kingdom,https://www.linkedin.com/redir/redirect?url=http%3A%2F%2Fwww%2Emountjoy%2Eco%2Euk&urlhash=fh_M&trk=about_website,Construction,201-500 employees,"Building and maintenance services, Construction, Responsive maintenance, Planned maintenance, Social housing, Facilities management, Disabled adaptations, and Refurbishments",Privately Held,"3,521"
Central Carolina Insurance Agency Inc,"Central Carolina Insurance Agency is an independent insurance firm that began operations in Rowan County in 1931, and the organization grew in the 1980s with an expansion into Mooresville. In  2017 we added R3; Risk, Reduction Resources to our firm to diversify Central Carolinaâ€™s tenure and clout in the insurance industry and to promote a more holistic approach to risk management.","Salisbury, North Carolina",United States,https://www.linkedin.com/redir/redirect?url=http%3A%2F%2Fwww%2Ecentralcarolina%2Ecom&urlhash=M4vR&trk=about_website,Insurance,11-50 employees,"Auto Insurance, Home Insurance, Insurance, Insurance Agency, Life Insurance, Motorcycle Insurance, Boat Insurance, Health Insurance, Travelers Insurance, Progressive Insurance, Central Insurance Companies, Cincinnati Insurance Companies, Auto Owners Insurance, Commercial Insurance, Business Insurance, Renters Insurance, Cyber Liability, Towers Insurance, and Workers Comp",Privately Held,150
Center for Digestive Health,"The Center for Digestive Health focuses on disorders related to the digestive system, including both short-term conditions and chronic, lifelong diseases. These conditions may involve the liver, stomach, colon, small intestine, gallbladder, or pancreas. State of the art diagnostic techniques are utilized in our Endoscopy Center and at affiliated hospitals. Outpatient care is delivered in our clinical center and infusion center, and our doctors provide 24 hour/7 day a week coverage to our affiliated hospitals. The Center for Digestive Health participates in Medicare and every major managed health care plan in Orange, Seminole, Osceola and Lake counties.","Orlando, Florida",United States,https://www.linkedin.com/redir/redirect?url=http%3A%2F%2Fcenterfordigestivehealth%2Enet&urlhash=rGjE&trk=about_website,Medical Practices,51-200 employees,"Gastroenterology, Inflammatory Bowel Diseases, Crohnâ€™s Disease, Ulcerative Colitis, Endoscopy, Patient Care, Health Care, Research, Colonoscopy, Screening, and Infusions",Partnership,187
Len Dubois Trucking Inc.,"Len Dubois Trucking is a Dry Van and Step Deck carrier based in Winnipeg, MB. We specialize in multi stop, driver assist direct to customer shipments both across Western Canada and the U.S. Our satellite tracked fleet consists of both Company and Owner Operator trucks. We are Canada and U.S. Customs bonded, C-TPAT, PIP, CSA, and FAST approved. We are also a hazardous goods carrier and provide warehousing and cross dock service in Winnipeg, MB","Centreport, Manitoba",Canada,https://www.linkedin.com/redir/redirect?url=https%3A%2F%2Fwww%2Elenduboistrucking%2Ecom&urlhash=gUFZ&trk=about_website,Truck Transportation,51-200 employees,"carrier, trucking, and transportation service provider",Privately Held,933
GMJ & CO,"GMJ & CO is a consumer services company based out of 3rd & 4th Floor, B-Wing,Vaastu Darshan,Azad Road,Above Central Bank of India,Andheri (East), Mumbai, Maharashtra, India.","Mumbai, Maharashtra",India,https://www.linkedin.com/redir/redirect?url=http%3A%2F%2Fwww%2Egmjca%2Ecom&urlhash=zl5v&trk=about_website,Accounting,51-200 employees,null,Partnership,"1,257"
"Delta Pipeline, Inc.","Delta Pipeline, Inc. is 100% employee-owned.  In 2017 the decision was made to transition from being a family owned business for 25 years to a 100% employee-owned company.  By joining our team, you become a shareholder/owner and have a personal stake in the success of the business.  With ownership comes great opportunity and responsibility for the daily activities and future growth of the company.  Shared capitalism empowers all team members to make decisions that impact personal actions and company performance, which in turn, impacts the rewards from all our relationships.  Our commitment to creating long-term, mutually profitable relationships benefits our projects, families and communities by investing in our future.

The philosophy of our benefit programs is to support our mission statement and designed to attract, motivate, and retain talented team members who drive our success.  Our benefits are intended to support, reinforce, and align our values, business approach and operational needs with the goal of actively engaging people to learn grow and make a difference.  In alignment with our culture, we communicate openly about our company goals and the structure of our benefit programs. In addition to an attractive base salary, we are proud to offer a substantial line-up of company benefits.  
  
ïƒ˜ Employee Stock Ownership Program
ïƒ˜ Medical  
ïƒ˜ Dental, Vision and Life Insurance  
ïƒ˜ Paid Time Off (PTO) 
ïƒ˜ 401(k) 
ïƒ˜ Profit Sharing Program    ","Long Beach, California",United States,https://www.linkedin.com/redir/redirect?url=http%3A%2F%2Fwww%2Edeltapipeline%2Ecom&urlhash=3nUX&trk=about_website,Construction,51-200 employees,"Underground Wet Utilities, Sewer, Water, Storm Drain, Fire, Construction, Mentorship, Employee Growth, Safety Programs, and OSHA Approved",Privately Held,"1,486"
defi SOLUTIONS,"defi SOLUTIONS

Agility, scalability, stability, compliance and innovation - defi SOLUTIONS.","Westlake, Texas",United States,https://www.linkedin.com/redir/redirect?url=http%3A%2F%2Fwww%2Edefisolutions%2Ecom&urlhash=bR5Y&trk=about_website,Financial Services,"501-1,000 employees","Quick implementation in the timeframe you define, Collateral-agnostic loan origination, loan servicing, analytics and reporting, Solutions for lenders of all process types and complexities, Finance companies, banks, credit unions or all sizes, Covering the United States and Canada, Improving the lending experience for lenders and their clients and members, Dedicate support that understands and helps you achieve your business goals, Accessible from any browser plus mobile app, Putting clients first: ours and yours, Flexible, configurable, enterprise-level platforms, Business Process Outsourcing that optimizes your back-end operations, and More data integrations to help you respond quickly, decision confidently, fund faster, and service better",Privately Held,"12,804"
"Western Saw, Inc.","Western Saw proudly designing and manufacturing Diamond Cores, Carbide Plate, Diamond Core Bit Tubes, and Custom Laser Cutting Services for over 80 years in the USA.  Diamond Core leader in quality and customer service.  We are building a world class manufacturing company and team of highly skilled professionals that consistently deliver the finest quality products and services, on time, every time. Western Saw is comitted to becoming the World Leader in Diamond Cores, Carbide Plate, Diamond Core Bit Tubes, and Custom Laser Cutting Services.","Oxnard, CA",United States,https://www.linkedin.com/redir/redirect?url=http%3A%2F%2Fwww%2Ewesternsaw%2Ecom&urlhash=l6PL&trk=about_website,Construction,51-200 employees,"Saw Plate, Laser Cutting, Core Bits, and Tube Rolling",Privately Held,231
Northern Minerals,"Northern Minerals (ASX: NTU) is a mineral exploration and development company with interests in heavy rare earth (HRE) elements, specifically dysprosium, lutetium and terbium. Northern Minerals has large landholdings in Western Australia (WA) and the Northern Territory which are highly prospective for these elements. 

Through the development of its flagship project in WA, the Browns Range Project, Northern Minerals aims to be the first significant world producer of dysprosium outside of China. Dysprosium is a key element in high performance permanent magnets, it makes them more powerful and more efficient. These characteristics are essential in achieving optimal performance in energy intense applications such as hybrid and electric vehicles, and wind turbines.

Northern Minerals will develop the Browns Range Project in three stages, stage one will involve building a 60,000tpa pilot plant at Browns Range, stage two will include completing project development studies and undertaking the engineering and design to a BFS level, and stage three will be to build the full scale project. 

Northern Minerals is powered by a team of experienced, motivated and dedicated people. Our business culture is driven through a set of values we characterise as SPIRIT: safety, people, integrity, results, initiative and teams. Our team is committed to developing Northern Minerals interests in a responsible and ethical manner to ensure all stakeholders benefit from our operations.","West Perth, Western Australia",Australia,https://www.linkedin.com/redir/redirect?url=http%3A%2F%2Fwww%2Enorthernminerals%2Ecom%2Eau&urlhash=rI-S&trk=about_website,Mining,11-50 employees,"Exploration and mining, heavy rare earth elements, dysprosium, lutetium, terbium, and rare earths",Public Company,"4,284"
Nutec Group,"NUTEC Group serves customers in more than 50 countries around the world, providing high-quality, reliable products and services that help customers to control industrial heating costs and achieve energy savings through efficiencies.

With a history of 40 years of service, innovation and growth, NUTEC Group was founded in 1975. Todayâ€™s CEO carries on the NUTEC Group legacy of a customer-centered corporate culture and product innovation.

NUTEC Group is an international leader in the design and implementation of highly innovative and efficient industrial heating systems.

The highly-qualified engineers at Nutec Bickley and Nutec serve clients through the design, building and installation of combustion systems, thermal insulation and complete industrial furnaces and kilns.


Mission
To be a world class group in manufacturing of high temperature insulation, Kilns and Furnaces, supplying high quality products and superior service by exceeding our clients employees and stockholders expectations."," Monterrey, Mexico",United States,https://www.linkedin.com/redir/redirect?url=http%3A%2F%2Fwww%2Egruponutec%2Ecom&urlhash=91i4&trk=about_website,Manufacturing,,,,"1,007"
Pavilion Construction,"Pavilion Construction offers a full spectrum of general contracting services for senior housing, higher education, affordable housing, rehabilitation and renovation projects, student housing, commercial, hospitality, multi-family housing, and mixed-use projects in 12 states. From our Corporate Office located in Portland, Oregon, our South West Regional office in Albuquerque, New Mexico, and our North West Regional office in Seattle, Washington.

We understand that our growth has been fueled by repeat business with satisfied clients. We have emerged as an industry leader through our focus on the client, establishing reputable contracting services at unparalleled standards. 

Our Pavilion Construction staff is made up of industry leading individuals who love to build. We are unified and passionate about achieving project goals and exceeding our clientâ€™s expectation. 

Through an intentionally created approach to our projects, Pavilion Construction proactively works on your behalf to provide solutions that control costs, maintain schedules, and assure high quality. One of the most recognized values provided by our company is how we ensure the project team works together and the project delivery process is seamless.","Lake Oswego, Oregon",United States,https://www.linkedin.com/redir/redirect?url=http%3A%2F%2Fwww%2Epavilionconstruction%2Ecom&urlhash=iHNs&trk=about_website,Construction,51-200 employees,"General Contracting, Client Service, New Construction, Multi-Unit Housing, Commercial, Sustainability, LEED/Green Building, Tenant Improvement, Rehabilitation & Renovation, Safety & Quality, Affordable Housing, Student Housing, Educational, Construction, Project Management, Institutional, and Multi-Family",Privately Held,"5,950"
Panacea Healthcare Services,"The behavioral healthcare industry has changed. From facilities and individual providers to investors and operators many are finding it difficult to survive and provide quality care while struggling with limited reimbursement rates and aggressive payer practices. Panacea Healthcare Services was founded on the principal that an end to end solution for all the challenges of the healthcare industry is essential to your success.

We believe a new paradigm is needed to help healthcare providers not only survive but thrive in these trying times. Our systems and services offer real time solutions to the reimbursement challenges presented in the healthcare industry by moving you out of the traditional cycle of poor reimbursement into a new, end-to-end solution for success and longevity.","Sunrise, Florida",United States,https://www.linkedin.com/redir/redirect?url=http%3A%2F%2Fwww%2Epanaceahcs%2Ecom&urlhash=2Myp&trk=about_website,Hospitals and Health Care,51-200 employees,"Billing and Collections, Utilization Management, Licensing, Credentialing and Accreditation, Insurance Contracting, Paid 2 Member Collection Services, Admissions Consulting, Appeal Management, Accrued AR Services, Insurance Audits - Pre/Post SIU Services, and In-House Revenue Management Solutions",Partnership,76
"AFFILIATED DERMATOLOGISTS AND DERMATOLOGIC SURGEONS, P.A.","At Affiliated Dermatologists and Dermatologic Surgeons, P.A. our priority is to deliver quality dermatologic care to our patients in a comfortable and convenient setting.  As part of this goal, we are currently updating our website.  Please pardon our appearance as we work to build an optimal web experience..","MORRISTOWN, New Jersey",United States,https://www.linkedin.com/redir/redirect?url=http%3A%2F%2Faffiliateddermatologists%2Ecom&urlhash=6Hx5&trk=about_website,Medical Practices,2-10 employees,null,null,17
Optometric Physicians of Middle Tennessee,"The doctors at OPMT Vision Centers are committed to staying on the cutting edge of eye care research. We regularly participate in clinical studies, seek out new and innovative treatments, and look for better and more efficient ways to provide the best possible patient experience, based on the current medical evidence.","Nashville, Tennessee",United States,https://www.linkedin.com/redir/redirect?url=https%3A%2F%2Fopmt%2Ecom&urlhash=2Y_s&trk=about_website,Medical Practices,51-200 employees,"Vision Rehabilitation, Myopia Control , Pediatric Eye Exams, Dry Eye Therapy, Brain Injury Vision Rehabilitation, Low Vision Services , Speciality Contact Lenses , Clinical Research Studies, Diabetic Eye Exams , Adult & Senior Eye Exams, and Contact Lens Exams",Privately Held,153
Dragon Tax & Management,"We are the premier full service tax and management firm in California's Bay Area. We prepare, strategize your taxes and offer comprehensive financial, tax, and management consulting.  We open year round to serve communities globally.","San Mateo, CA",United States,https://www.linkedin.com/redir/redirect?url=http%3A%2F%2Fwww%2Edragontax%2Ecom%2F&urlhash=3emG&trk=about_website,Financial Services,51-200 employees,"Tax Planning, Bookkepping, Tax Services, Financial Services, Consultation, Real Estate, Tech Tax, Management Consulting, Business Management, Tax Preparation, and Investments",Privately Held,130
Azteca Tax Systems,Azteca Tax Systems's Training Center offers convenient Tax Preparation Courses that will help you master your annual return. Our Tax preparer certification can lead you to a new career.,"Orange, California",United States,null,Financial Services,1-25 employees,null,null,null
Bluebonnet Nutrition,"For over 30 years, we've created supplements as close to nature as possible. Today, we have more farm-to-table supplements than ever.","Sugar Land, Texas",United States,https://www.linkedin.com/redir/redirect?url=http%3A%2F%2Fwww%2Ebluebonnetnutrition%2Ecom&urlhash=pRbT&trk=about_website,"Health, Wellness & Fitness",201-500 employees,null,Privately Held,"1,249"
Romeo Pitaro Schneider Injury Lawyers,"Romeo Pitaro Schneider Injury Lawyers has represented injured clients in the Greater Toronto Area since 1996.

We have recovered over $150 Million in compensation for our clients. We have successfully sued or had cases with every major insurance company in Canada to recover compensation owed by them for the actions of their at fault drivers.

Our lawyers have the experience, level of service and record of success of a downtown firm, but serve clients all over the GTA, including those in the 905 area code.","Richmond Hill, ON",Canada,https://www.linkedin.com/redir/redirect?url=http%3A%2F%2Fwww%2Eromeopitaro%2Ecom%2F&urlhash=j8Ss&trk=about_website,Law Practice,11-50 employees,null,Partnership,32
"LTBD, PC","LTBD: Driving the Dynamics of Businessâ„¢

What drives your business? How do you define growth and success for your organization? 

One of the most critical functions in your organization is your accounting capability. For many executives, this area of the enterprise is extremely difficult to manage confidently and with an eye toward success. Myriad compliance requirements, a constant flood of deadlines and numerous time-critical dependencies make accounting an extremely challenging function to build, manage and lead effectively.

LTBD recognizes this challenge and has developed a uniquely tailored solution designed specifically to reduce the burdens associated with the accounting function, while at the same time improving accounting outcomes.

LTBD has become a recognized leader in the development and delivery of outsourced accounting solutions, and weâ€™ve achieved this by creating, fine-tuning and mastering processes and standards that we know are critical to accounting success. These areas of focus include:

- Accounting systems and processes
- Accounting standards
- Accounting software configuration
- Internal controls
- Strategic financial planning
- Compliance reporting
- Professional development

When you retain LTBD as your outsourced accounting solution provider, you gain the benefits of a firm that provides:

- Comprehensive, proven professional capabilities
- A dedicated, local presence with in-person engagement
- Support from a complete team, not just one or two individuals
- Strategic capabilities that extend to helping the CEO make better decisions for the future of the enterprise

Learn more about LTBD online at www.ltbd.com.","Vienna, VA",United States,https://www.linkedin.com/redir/redirect?url=http%3A%2F%2Fwww%2Eltbd%2Ecom&urlhash=L0gW&trk=about_website,Accounting,11-50 employees,"Accounting, Bookkeeping, Business Advisory, and Outsourced CFO",Privately Held,128
"Pioneer Oil Company, Inc.",Pioneer Oil Company is a privately held oil company that introduces new ideas and opportunities to sustain its growth strategy.,"Lawrenceville, Illinois",United States,https://www.linkedin.com/redir/redirect?url=http%3A%2F%2Fpioneeroil%2Enet&urlhash=ntL4&trk=about_website,Oil and Gas,2-10 employees,null,null,52
Neurobehavioral Medicine Consultants,"We are a full service psychiatric center, specializing in mood disorders and substance abuse. With many services and programs to help you achieve the best mental health, our team of doctors and practitioners are prepared to help you through your journey towards your wellness and recovery. 


In addition to our wide selection of other mental health services, our neuromodulation center is the first in the tri-state area to introduce Transcranial Magnetic Stimulation (TMS) Therapy, a safe and effective treatment that can help people who struggle with Major Depression, even if antidepressant medication has not. 


We also offer the ASCEND program, as part of our substance abuse treatment. With ASCEND, our multidisciplinary treatment team incorporates physicians, nurses, therapists, counselors and case managers who all work together to ensure each patientâ€™s needs are addressed in a personalized fashion. 


Our office is conveniently located in St. Clairsville Ohio just off Interstate 70 Exit 215, and is easily accessible from eastern Ohio, northern West Virginia and western Pennsylvania. ","St Clairsville, Ohio",United States,https://www.linkedin.com/redir/redirect?url=http%3A%2F%2Fneurobehavioralmed%2Ecom%2F&urlhash=cjk7&trk=about_website,Mental Health Care,11-50 employees,"Depression Treatment, Substance Abuse Treatment, TMS Therapy, ASCEND, Psychotherapy, and Counseling",Privately Held,162
GROWTH by NCRC,"We are GROWTH, an initiative of the National Community Reinvestment Coalition (NCRC), and our mission is to promote homeownership for low-to-moderate-income families and/or in low-to-moderate income neighborhoods.","Washington, DC",United States,null,Financial Services,11-50 employees,null,null,null
On Q Home Loans,"On Point, On Time, On Q!
Guaranteed Rate, Inc. dba On Q Home Loans, NMLS ID #2611; Operating as Guaranteed Rate, Inc. D/B/A OnQ Home Loans in Arizona & Oregon. For licensing information visit nmlsconsumeraccess.org","Scottsdale, AZ",United States,https://www.linkedin.com/redir/redirect?url=http%3A%2F%2Fwww%2EOnQHomeLoans%2Ecom&urlhash=QQc3&trk=about_website,Financial Services,51-200 employees,"Mortgage, Consulting, Financing, Residential, Purchase, Refinance, Cash Out, Rate Term, and Second Mortgage",Privately Held,"7,742"
Image Craft,"Image Craft is nationally recognized for planning, production and execution any kind of unique and exciting methods of visual communications. 

You can feel our passion about graphics: Any Image. Any Size. Any Where.

Environmental graphics are essential to every workplace and retail outlet. Wall murals can convey your company's mission and culture, both internally and externally. Custom wallcoverings transform boring white walls to dynamic unique statement. Acrylic prints and embellished giclee canvas prints create a beautiful and contemporary environment. The possibilities are as endless as your imagination. 

Our team can help as much or as little as needed. We have a full design and project management team, as well as state-of-the-art production facility. We also offer full-service kitting and national installation.   

Visit our website to learn more: imcraft.com","Phoenix, AZ",United States,https://www.linkedin.com/redir/redirect?url=http%3A%2F%2Fwww%2Eimcraft%2Ecom&urlhash=LfCA&trk=about_website,Printing Services,51-200 employees,"Large & Grand Format Printing, Themed Environments, Corporate Branding, Fine Art Reproduction, Vehicle Wraps, Event / Sport Printing, Banners, Retail POP, Wall Murals, Backlit Graphics, Dimensional Graphics, Dye Sublimation, Tradeshow Displays and Graphics, environmental graphics, custom wallcoverings, commercial art, commercial decor, workplace decor, workplace graphics, Wallpaper, Metal Dye Sub, and SEG",Privately Held,"1,253"
B&B Electric Inc.,"From our humble beginnings, weâ€™ve achieved steady growth by consistently providing our customers with innovative, measured, and reliable electrical services. As we have grown with them, we have made a conscious effort to not lose a personal touch. The work ethic, strong merit-based shop culture, camaraderie, and quality consciousness of our employees all stem from the early years of our business.
Today, B&B Electric employs over 400 electricians, and operates from five locations; Eau Claire, Hudson, Holmen, Rice Lake, WI and St Paul, MN. We realize it takes more than buildings and equipment to make a successful company. For this reason, all of our electricianâ€™s must complete a five year electrical apprenticeship and state certification programs. No matter how many employees we have, our focus is on providing top-quality electrical craftsmanship with unmatched service to every customer.

Our knowledgeable and well trained electricians are expected to fulfill their roles with a foundation of integrity, quality, and a desire to provide innovative, measured and reliable electrical services for any industry. Whether large or small, all of our clients receive the same high-quality customer care, backed by our 24-hour emergency service.
Of our values, trust and reliability are of utmost importance. We earn that trust from companies every day by being dependable and delivering on our promises. Weâ€™re focused, using keen judgment to problem solve in the safest manner possible and provide unmatched expertise in every job we do.","Eau Claire, Wisconsin",United States,https://www.linkedin.com/redir/redirect?url=http%3A%2F%2Fwww%2Ebandbelectric%2Ecom%2F&urlhash=-Dla&trk=about_website,Construction,201-500 employees,"Electrical Design, Electrician, Electrical Installation, Troubleshooting, and Customer Service",Privately Held,260
"J.E. OWENS & COMPANY, P.A.","At JE Owens & Company PA, we have the services and insight you need to achieve those goals. From business consulting to tax preparation, we can help you in every area of accounting. ","Orlando, Florida",United States,null,Accounting,2-10 employees,null,null,3
Chambers Construction Co.,"At Chambers Construction, we have three major divisions: Large Commercial Projects, Small Commercial Projects, and Pre-Engineered Metal Buildings (authorized Butler Builder since 1974).

Our Large Commercial Projects division has worked as the general contractor on renovations, remodels, office and commercial buildings, institutional, educational facilities, manufacturing, medical facilities, mixed-used and multi-family projects of all shapes and sizes. We actively pursue projects ranging in size from $100,000 to $45 million. https://www.chambersconstruction.com/projects.html

Our Small Commercial Projects division works directly with owners on a variety of projects that are often ""too small"" for the big contractors and ""too big"" or ""too specialized"" for your typical handyman.

Typical projects include:
~ Property management improvements
~ Medical office renovations
~ Commercial kitchens and restaurants
~ Industrial retrofits
~ Office expansions
~ Building repairs
~ Loading dock renovations
~ Flooring / Stair installation and repair
~ Ceiling replacement and repair
~ Metal building system repairs
~ Wall installation
~ Sheet rock repairs
~ Concrete installation and repair
~ Roof inspection and repair
~ Custom projects

Our Pre-Engineered Metal Buildings Division provides owners building solutions for a variety of construction projects, big and small. We actively pursue projects ranging in size from 2,500 to 1,000,000+ square feet.

Pre-engineered Metal Buildings (PEMB) are ideal for:
~ Data Centers
~ Distribution and Freight Centers
~ Warehouses and Storage Facilities
~ Healthcare Facilities
~ Laboratories
~ Manufacturing Facilities
~ Transportation Facilities
~ Vehicle Dealerships and Service Centers
~ Recreational Facilities and Arenas
~ Schools and Gymnasiums
~ Churches and Centers of Worship
~ Livestock Facilities
~ Small Shops and Garages","Eugene, Oregon",United States,https://www.linkedin.com/redir/redirect?url=http%3A%2F%2Fwww%2Echambersconstruction%2Ecom&urlhash=cUap&trk=about_website,Construction,51-200 employees,"CMGC, Multi-use, Senior Living, Sustainability, Pre-Construction, Butler Steel Buildings, General Contracting, Construction Management , Green Building, Commercial, Industrial, Public Sector, Renovations, Tenant Improvements, Medical Construction, Education Institutions, and Financial Institutions",Privately Held,695
"P&B Capital Group, LLC","Established in 2004 and with over a 2000% growth rate in the last five years, P&B Capital has established itself as one of our nationâ€™s most highly respected and successful mid-sized accounts receivable management providers. Fully licensed, bonded and properly insured in all 50 states, our company is a proud member in good standing with the ACA, DBA & NARCA organizations, and are long time leaders in the crusade to promote professional behavior and ethical conduct within our collections community.

Our model, and one of the main reasons for our chart topping liquidation rates, stems from a proprietary inventory management tool driven by a complex scoring and stratification process which incorporates real-time data via ODBC.  This directs files through multiple levels of work effort segmentation and insures the highest possible level of account penetration on each file. We service a variety of clients including 1st party creditors, debt buyers and niche markets and collect on nearly all types of asset classes.

Located in historic Buffalo and part of the sweeping revitalization making over the downtown area, P&B was named as â€œSmall Business of the Yearâ€ for 2008 by Bank of America and received theâ€ Certificate of Meritâ€ from the NY State Assembly for our contributions to the community of Western NY. Our employees frequently donate their time, effort and financial support at events for the Cancer Center at Roswell Park, Race for the Cure, Hospice, and the American Soldier Fund.","Buffalo, NY",United States,https://www.linkedin.com/redir/redirect?url=http%3A%2F%2Fwww%2Epandbllc%2Ecom&urlhash=S1zg&trk=about_website,Financial Services,51-200 employees,"Accounts Receivables Management, Customized Collection Solutions, Skip Tracing, and Investment Oriented Solutions",Privately Held,217
Bira 91,"A refreshingly modern beer brand, Imagined in India, Bira 91 aspires to bring flavorfulâ€¯beers to the new world. As one of the fastest growing brands in the world, we have built a diverse portfolio of award-winning beers, one for every occasion, and aim to drive the global shift in beer towards more colorâ€¯andâ€¯ flavor. 

Now you can enjoy Bira 91 beers in over 500 towns and cities spread across 16 countries and we brew our beers across four breweries in India. We also have our flagship taproom in Bengaluru, where we release one new experimental beer every week, paired with its curry-shop menu.  

 We also offer branded merchandize across categories such as glassware, apparel and gifts, to make every day a lot more playful.  

Established in 2015, Bira 91 is driven by a dynamic team of over 550 passionate beer lovers and is backed by Sequoia Capital India, Sofina of Belgium and Kirin Holding of Japan.â€¯ ","New Delhi, Delhi",India,https://www.linkedin.com/redir/redirect?url=http%3A%2F%2Fwww%2Ebira91%2Ecom&urlhash=Jun-&trk=about_website,Food and Beverage Services,"501-1,000 employees","Food & Beverages, Beer, and Alco bev",Privately Held,"220,592"
Lieberman LLP,"Lieberman LLP is a boutique valuation and forensic accounting firm delivering timely results and personalized attention to every client. We provide services for the purposes of shareholder disputes, marital dissolution, estate and gift tax reporting, purchase price allocations, intangible asset valuations, fair value accounting and financial reporting, mergers and acquisitions, ESOP compliance, portfolio valuation, insurance claims, corporate advisory and tax compliance, litigation support, and other business matters.

Our highly experienced and credentialed professionals leverage substantial industry and valuation knowledge to provide rapid, strategic advice to assist our clients across nearly every industry for companies of all types. We are committed to bringing extensive experience, sound business judgement, and analytical skills to each engagement, thereby providing our clients with the best possible solutions.

Our clients range from publicly traded, multinational corporations to family-owned businesses in virtually every industry or profession. Our clients also include business brokers, financial institutions, the legal profession, the accounting profession, non-profit organizations, alternative asset funds, and government agencies and regulatory entities.","New York, New York",United States,https://www.linkedin.com/redir/redirect?url=http%3A%2F%2Fwww%2Eliebermanllp%2Ecom&urlhash=ejjx&trk=about_website,Financial Services,2-10 employees,"Shareholder dissolution and disputes, acquisitions and divestitures, alternative asset portfolio valuations, incentive stock options, insurance claims, fairness opinions, goodwill impairment, bankruptcy, purchase price allocations, business damages, marital dissolution, and intellectual property",Privately Held,11
CONSOLIDATED BENEFITS RESOURCES,"We have been in business since 1968,
and cover over 1,000 employers in our insurance groups.","Tulsa, Oklahoma",United States,null,Individual and Family Services,51-200 employees,null,null,13
Medall Healthcare Pvt Ltd,"Medall is India's leading integrated Healthcare Diagnostics and the fourth largest Diagnostics player in India. With 7000 plus customer touchpoints in 9 states and 70+ districts, 24 NABL accredited labs and 108 ISO Certified Labs, Medall provides both radiology and pathology services under one roof. Medall has served over 10 million customers and performed over 40 million tests in 2019. With a strong focus on digitisation and deployment of state of the art technology, Medall is pioneering clinical and technological innovations in Diagnostics.","Chennai, Tamil Nadu",India,https://www.linkedin.com/redir/redirect?url=https%3A%2F%2Fwww%2Emedall%2Ein%2F&urlhash=F1y0&trk=about_website,Hospitals and Health Care,"1,001-5,000 employees","Health, Diagnostic Centre, Health Checkup, Pathology, and Radiology",Privately Held,"2,529"
KEBODA TECHNOLOGY CORP.,"Keboda Technology Co., Ltd., manufactures vehicle parts and accessories. The Company produces automotive electronics, automotive electric parts, engine parts, auto harnesses, and other products. Keboda Technology supplies its products in automobile making industries.","Shanghai, Shanghai",China,null,"Appliances, Electrical, and Electronics Manufacturing",11-50 employees,null,null,449
Martin's Inc.,"At Martinâ€™s Caterers, we are dedicated to creating spectacular events that are perfect for any occasion. For more than 50 years, we have helped individuals, couples, and families throw incredible weddings, bar/bat mitzvahs, corporate events, and more. We have earned a reputation as the top catering company in the Baltimore metro area, Washington, D.C., and throughout greater Maryland and we will go above and beyond to ensure that your event is flawless!","Baltimore, MD",United States,https://www.linkedin.com/redir/redirect?url=http%3A%2F%2Fwww%2Emartinscaterers%2Ecom&urlhash=LFzn&trk=about_website,Events Services,"501-1,000 employees","Full Service Caterer, Corporate event planning, corporate event venue, party event caterer, wedding reception venue, wedding catering company, and bar mitzvah venue",Privately Held,30
Dr. Leeman ENT,Dr. Daniel J. Leeman is a board-certified plastic surgeon and ENT physician who offers state of the art treatment options to meet your medical needs. ,"Austin, Texas",United states,null,"Health, Wellness & Fitness",2-10 employees,null,null,null
Roncelli Plastics,"Roncelli Plastics has been an industry pioneer since 1969, as a thermoplastics and composites manufacturer headquartered in Monrovia, California, with offices in San Jose, California; Dallas, Texas; Tampa, Florida; Chandler, Arizona and Cincinnati, Ohio.  Trusted by the worldâ€™s most prestigious brands for our leading edge technology, innovative operations, technical expertise and knowledgeable partnership.
Roncelli Plastics is a best in class contract manufacturer of Engineered Plastics parts and components for critical applications in the Aerospace, Bio Medical, Life Science & Space, Semiconductor, Defense, Oil & Gas Sectors. 

We partner with clients from prototype design through full production.  Our complete capabilities portfolio includes rapid prototype machining, CNC machining, Injection Molding, 3D Printing and Clean Room Assembly.  

Certifications Include:
ISO9001
AS9100D
ISO13485
ISO27001
ITAR","Monrovia, CA",United States,https://www.linkedin.com/redir/redirect?url=http%3A%2F%2Fwww%2Eroncelli%2Ecom&urlhash=YAua&trk=about_website,Plastics Manufacturing,51-200 employees,"Engineered Plastics Machining and Part Manufacturing, Climate Controlled CNC Milling & Turning, Rapid Prototyping & Production, Clean Room Assembly, 3D Printing, Die Cutting & Stamping, Turnkey Assembly, AS9100, ISO-9001, & ISO 13485 Certified Co., and Injection Molding",Privately Held,746
"Mayer & Haranas, LLP",www.hkwg.com,"Framingham, Massachusetts",United States,https://www.linkedin.com/redir/redirect?url=http%3A%2F%2Fww%2Ehkwg%2Ecom&urlhash=Jvso&trk=about_website,Law Practice,11-50 employees,null,Partnership,null
Shoma Group,"30+ years of history, a strong track record and, over 6 Billion dollars in real estate transactions are a good indication of a solid approach to developing residential, commercial, and mixed-use projects and exceptional communities. 
Keeping up with the latest advances ensures Shoma delivers a high level of finishes, appliances, and innovative details so owners can have the most up to date technologies, materials, and designs in their homes, offices and communities. This forward thinking allows us to best utilize new ways to design and execute on big ideas. Ultimately, improving the experience with every new project.","Coral Gables, Florida",United States,https://www.linkedin.com/redir/redirect?url=http%3A%2F%2Fwww%2Eshomagroup%2Ecom&urlhash=r5iV&trk=about_website,Real Estate,51-200 employees,null,Privately Held,"2,905"
LINDSAY MUNICIPAL HOSPITAL,Lindsay Municipal Hospital Home,"Lindsay, Oklahoma",United States,https://www.linkedin.com/redir/redirect?url=http%3A%2F%2Flindsayhospital%2Ecom&urlhash=kQec&trk=about_website,Medical Practices,51-200 employees,null,null,30
Palmer Construction,"As a Pennsylvania based commercial construction business, our quality workmanship has earned us a reputation as a leader in our industry. Offering a wide array of services, Palmer is able to meet any project goal, deadline and budget. Our diverse in-house staff brings years of experience to each and every project with a dedication to finding unique project solutions to fit the needs of any client. From pre-design through construction and delivery, we excel in managing all project stages. We are located in McConnellsburg, Pennsylvania but have completed projects all across PA, WV, NJ and MD, allowing us to service a vast array of clients. 

Palmer Construction is a design-build, general contractor with a 100% commitment to quality and reliability. William (Bill) L. Palmer, President, founded Palmer Construction in 1978 and has since steered the company on a successful path of growth and expansion. Over the years, dedication and commitment to client satisfaction has provided Palmer  with recurring business opportunities and lasting relationships. Today, Palmer Construction has emerged as a leader in the commercial/industrial construction industry. Our projects range from under $100,000 to more than $20 million.","McConnellsburg, Pennsylvania",United States,https://www.linkedin.com/redir/redirect?url=http%3A%2F%2Fwww%2Epalmerconstruction%2Enet%2F&urlhash=wU8c&trk=about_website,Construction,11-50 employees,"Design-Build, General Contractor, Project Management, Pre-construction Services, Project Development, Sustainable Building, Building Construction, New Construction, Additions/Renovations, Healthcare, Education, Cannabis Growing and Dispensary Facilities, Religious Institutions, Retail/Commercial, Manufacturing/Distribution, Government/Public Service, Recreation, and Financial",Privately Held,167
New York Home Healthcare,"New York Home Healthcare was established in 1982 to serve the home healthcare needs of the tri-state area.  The company is located in Westbury, NY, is family owned and employs over 125 people. ","Brooklyn, NY",United States,null,"Health, Wellness & Fitness","1,001-5,000 employees",null,null,null